field,name,description,datatype,codelist,component,cardinality,notes,entry-date,end-date
additional-information,Additional information,"Any additional information (such as hours of use of other machinery within the site-generators, pumps, etc)",string,,,1,,2025-07-16,
additional-material-information,Additional material information,Additional context or details about the materials to be used in the development,string,,,1,,2025-06-13,
address-text,Address Text,Flexible field for capturing addresses,string,,,1,,2025-06-02,
addresses,Addresses,A list of addresses for the adjoining properties,object,,address,n,,2025-07-07,
advert-end-date,Advert end date,The end of the time period that consent to advertisement is sought,string,,,1,,2025-07-07,
advert-placed-date,Advert placed date,Date when the advertisement was placed (YYYY-MM-DD format),string,,,1,,2025-07-09,
advert-start-date,Advert start date,The start of the time period that consent to advertisement is sought,string,,,1,,2025-07-07,
advertisement-count,Advertisement count,Number of this type of advertisement,number,,,1,,2025-07-08,
advertisement-other-description,Advertisement other description,Details required if other advertisement type is selected,string,,,1,,2025-07-08,
advertisement-proposal-description,Advertisement proposal description,Description of the advertisement proposal,string,,,1,,2025-07-08,
advertisement-proposal-type,Advertisement proposal type,Expected to provide counts for each advertisement type,object,,advertisement-proposal-type,n,,2025-07-08,
advertisement-type,Advertisement type,One of the advertisement-types or other,enum,advertisement-type,,1,,2025-07-08,
advertisements,Advertisements,Structured data about each proposed advertisement,object,,advertisement,n,,2025-07-17,
advice-date,Advice date,"Date when pre-application advice was received, in YYYY-MM-DD format",string,,,1,,2025-06-12,
advice-from-authority,Advice from authority,Any advice provided on-site by a Local Planning Authority (LPA) officer,string,,,1,,2025-07-01,
advice-sought,Pre-application advice sought,Whether pre-application advice has been sought from the planning authority,boolean,,,1,,2025-06-12,
advice-summary,Advice summary,Summary of the pre-application advice received from the planning authority,string,,,1,,2025-06-12,
agent,agent,Details of the agent,object,,agent,1,,2025-06-02,
agent-reference,Agent reference,A reference to an agent object,string,,,1,,2025-05-30,
agent-signature,Agent signature,Digital signature of the agent (if applicable),string,,,1,,2025-06-13,
agreement-summary,Agreement summary,Summary of the agreement,string,,,1,,2025-06-26,
agricultural-tenants,Agricultural tenants,Are there any agricultural tenants on the land?,boolean,,,1,,2025-06-13,
air-traffic-defence-impacts,Air traffic defence impacts,"Details of any air traffic and defence asset impacts, including how these will be mitigated",string,,,1,,2025-07-14,
amount,Amount,The total amount due for the application fee,number,,,1,,2025-06-20,
amount-paid,Amount paid,The amount paid towards the application fee,number,,,1,,2025-06-20,
annual-throughput,Annual throughput,Maximum annual operational throughput in tonnes/litres,number,,,1,,2025-07-09,
applicant-interest,Applicant interest,Description of the applicant's interest in the land,string,,,1,,2025-07-09,
applicant-interest-adjoining-land,Applicant interest adjoining land,Description of the applicant's interest in the adjacent land,string,,,1,,2025-07-09,
applicant-owns-land,Applicant owns land,True or False indicating whether the applicant owns the land where the advertisement will be displayed,boolean,,,1,,2025-07-08,
applicant-reference,Applicant reference,Reference to match contact details to a named individual from the applicant details component,string,,,1,,2025-06-16,
applicant-signature,Applicant signature,Digital signature of the applicant,string,,,1,,2025-06-13,
applicants,Applicants,,object,,applicant,n,,,
application,Application,The details of the application payload to be submitted,object,,application,1,,2025-06-20,
application-result,Application result,Provide the result of the application for a certificate of immunity,string,,,1,,2025-07-01,
application-sub-type,Application sub type,Further classification of the application type for specific variations within the main application type,enum,application-sub-type,,1,,2025-06-20,
application-types,Application types,A list of planning application types that define the nature of the planning application,enum,application-type,,n,,2025-06-20,
archaeological-features-impact,Archaeological features impact,Where is there a likelihood of features of archaeological conservation importance being affected?,enum,affect-area,,1,,2025-07-08,
base64-content,Base64,Base64-encoded content of the file for inline file uploads,string,,,1,,2025-06-20,
biodiversity-features-impact,Biodiversity features impact,Where is there a likelihood of important habitats or biodiversity features being affected?,enum,affect-area,,1,,2025-07-08,
bng-condition-applies,Biodiversity gain condition applies,Does the applicant believe the Biodiversity Gain Condition applies to this application,boolean,,,1,,2025-06-16,
bng-condition-exemption-reasons,Biodiversity gain condition exemption reason,"Reasons why BNG does not apply, referencing exemptions or transitional arrangements",object,,bng-exemption-reason,n,,2025-06-16,
bng-details,Biodiversity net gain details,"Comprehensive details about biodiversity net gain assessment including pre-development value, habitat loss information, and supporting documentation",object,,bng-details,1,,2025-06-16,
bng-exempt,Biodiversity gain exemption,Statement whether the biodiversity gain condition will apply if permission is granted. Householder applicants need to confirm the biodiversity gain condition does not apply.,boolean,,,1,,2025-06-16,
building-element-type,Building element type,"The part of building the materials relate to, such as walls, roofs, windows, or doors",enum,building-element-type,,1,,2025-06-13,
building-elements,Building elements,"Details of materials for a specific building element such as walls, roof, windows or doors",object,,building-element,n,,2025-06-13,
can-be-seen-from,Site seen from public area,"Can site be seen from a public road, public footpath, bridleway or other public land",boolean,,,1,,2025-06-12,
causing-structural-damage,Causing structural damage,Whether structural damage is being caused by the tree(s),boolean,,,1,,2025-07-01,
causing-subsidence,Causing subsidence,Whether subsidence damage is being caused by the tree(s),boolean,,,1,,2025-07-01,
cert-of-immunity-sought,Certificate of immunity sought,Has a certificate of immunity been sought,enum,yes-no-unknown,,1,,2025-07-01,
change-right-of-way,Change to right of way,Will the proposal change public rights of way (diversion/extinguishment/creation),enum,rights-of-way-answers,,1,,2025-06-13,
checksum,Checksum,Hash of the file contents used for file validation and checking files have not been tampered with,string,,,1,,2025-06-20,
close-time,Close time,Closing time,string,,,1,Format: HH:MM,2025-07-16,
closed,Closed,True or False - explicitly state when closed,boolean,,,1,"If True, open-time and close-time must be empty",2025-07-16,
colour,Colour,Colour of proposed sign,string,,,1,,2025-07-17,
commercial-industrial,Commercial industrial,Maximum throughput for commercial and industrial waste (annual throughput in tonnes/litres),number,,,1,,2025-07-09,
company,Company,The name of a company (that the agent works for),string,,,1,,2025-06-02,
condition-change,Condition change,State how the condition should vary,string,,,1,,2025-07-08,
condition-concerns,Condition concerns,Whether there are concerns the tree(s) are diseased or might break or fall,boolean,,,1,,2025-07-01,
condition-number,Condition number,Number of any condition being breached,string,,,1,,2025-07-10,
condition-numbers,Condition numbers,List of condition numbers related to this application,integer,,,n,,2025-06-26,
conflict-details,Conflict details,"Details of the conflict of interest including name, role and how the individual is related to the planning authority",string,,,1,,2025-06-16,
conflict-person-name,Conflict person name,Name of the individual with the conflict of interest that matches one of the names provided in applicants/agent section,string,,,1,,2025-06-16,
conflict-to-declare,Conflict to declare,Indicates whether any named applicant or agent has a relationship to the planning authority that must be declared,boolean,,,1,,2025-06-16,
connect-to-drainage-system,Connect to drainage system,Whether the proposal needs to connect to the existing drainage system,boolean,,,1,,2025-07-09,
construction-demolition,Construction demolition,Maximum throughput for construction and demolition waste (annual throughput in tonnes/litres),number,,,1,,2025-07-09,
contact-details,Contact details,A structured object containing contact information for an individual. This component is required for planning in principle (PiP) applications and optional for other application types. Contains email and phone contact information.,object,,contact-details,1,,2025-06-02,
contact-priority,Contact priority,The priority of a number,enum,contact-priority,,1,,2025-05-30,
contact-reference,Contact reference,The reference of the applicant or agent who should be contacted for site visits,string,,,1,,2025-06-12,
contact-type,Site visit contact type,Indicates who the authority should contact to arrange a site visit,enum,site-visit-contact-type,,1,,2025-06-12,
data-provided-by,Data provided by,Who provided the data: Applicant or System/Service?,enum,provided-by,,1,opens possibility for services to work it out and not rely on the applicant to know,2025-07-17,
day-type,Day type,Day or type of day,enum,day-type,,1,,2025-07-16,
decision-date,Decision date,"The date when the decision was made, in YYYY-MM-DD format",string,,,1,,2025-06-12,
declaration-confirmed,Declaration confirmed,Confirms the applicant or agent has reviewed and validated the information provided in the application,boolean,,,1,,2025-06-12,
declaration-date,Declaration date,The date the declaration was made,string,,,1,,2025-06-12,
demolition-volume,Demolition volume,Volume of part to be demolished in cubic metres,number,,,1,,2025-06-30,
depth,Depth,"Depth, in metres, of dimensions of advertisement",number,,,1,in metres,2025-07-17,
description,Description,"A text description providing details about the subject. For parking changes, this describes how the proposed works affect existing car parking arrangements.",string,,,1,,2025-06-12,
description-list,Description list,Description or list of materials/details that are being submitted for approval,string,,,1,,2025-07-08,
description-of-works,Description of works,Description of the nature of the work to be carried out on this tree,string,,,1,,2025-06-30,
designations,Designations,List of designated areas that apply to the site,enum,designation,,n,,2025-01-02,
details,Details,Additional details or information about an item,string,,,1,,2025-06-26,
development-completed-date,Development completed date,Date when development was completed,string,,,1,,2025-06-26,
development-description,Development description,"Brief description of the development, including main oils, gases, and machinery",string,,,1,,2025-07-02,
development-phase,Development phase,Phases of oil and gas development the application covers,enum,development-phases,,1,,2025-07-02,
development-start-date,Development start date,Date when development started,string,,,1,,2025-06-26,
difference-in-spaces,Difference in spaces,Net change in parking spaces (proposed minus existing),number,,,1,,2025-07-08,
discharging-part-details,Discharging part details,Indicate which part of the condition the application relates to,string,,,1,,2025-07-07,
document-reference,Document reference,References to documents detailing the proposed alterations,object,,supporting-document,n,,2025-06-12,
document-types,Document types,List of codelist references that the document covers,enum,planning-requirement,,n,,2025-06-20,
documents,Documents,List of submitted documents with references and details,object,,document,n,,2025-06-20,
draft-agreement-included,Draft agreement included,Has an outline or draft agreement been included? (True / False),boolean,,,1,,2025-06-26,
drainage-system-details,Drainage system details,Details of the drawings/plans that show the existing drainage system,string,,,1,,2025-07-09,
dwellinghouse-height,Dwellinghouse height,Height from ground to highest point of roof in metres,number,,,1,,2025-07-14,
earlier-date-reason,Earlier date reason,Reason for using a pre-development date that is earlier than the application submission,string,,,1,,2025-06-16,
easting,Easting,Easting coordinate in British National Grid (EPSG:27700),number,,,1,,2025-06-13,
eaves-height,Eaves height,"Height at the eaves of the extension, measured externally from natural ground level in metres",number,,,1,,2025-07-14,
email,Email,The email address that can be used for electronic correspondence with the individual,string,,,1,,2025-06-02,
employment-impact,Employment impact,Summary of net employment change (gain/loss),string,,,1,,2025-07-08,
environmental-statement,Environmental statement,Is an Environmental Statement attached to the application,boolean,,,1,,2025-07-02,
environmental-statement-reference,Environmental statement reference,Reference of the environmental statement document supplied with application,string,,,1,,2025-07-02,
equipment-plan,Equipment plan,Details of equipment to be used as part of the application including the maximum height and type of drilling rig to be used,string,,,1,,2025-07-08,
exact-value,Exact value,"Exact figure of non-residential use, measured in square metres for floorspace or hectares for site area",number,,,1,,2025-06-26,
exemption-type,Exemption type,The type of biodiversity gain exemption from the bng-exemption-type enum,enum,bng-exemption-type,,1,,2025-07-15,
existing-employees,Existing employees,Counts of existing employees,object,,employees,1,,2025-07-08,
existing-gross-floorspace,Existing gross floorspace,"Existing gross internal floorspace, in sqm",number,,,1,,2025-07-17,
existing-materials,Existing materials,Description of the materials currently used for this building element,string,,,1,,2025-06-13,
existing-rooms-lost,Existing rooms lost,Existing rooms to be lost by change of use,number,,,1,Must be 0 or positive,2025-07-17,
existing-unit-breakdown,Existing unit breakdown,Number of existing units by bedroom count,object,,unit-quantities,n,,2025-07-17,
existing-use,Existing use,Structured information on the current use of the site,object,,existing-use,n,,2025-06-26,
existing-use-change-details,Existing use change details,Details of any changes to the existing use including nature of changes and dates,string,,,1,,2025-07-15,
existing-use-details,Existing use details,List of existing site uses and related land areas,object,,existing-use-detail,n,,2025-07-09,
existing-use-start-date,Existing use start date,"Date when the existing use of the land or building commenced, in YYYY-MM-DD format",datetime,,,1,,2025-07-15,
extension-depth,Extension depth,"How far the extension extends beyond the rear wall, measured externally in metres",number,,,1,,2025-07-14,
extension-length,Extension length,Length of rear extension in metres,number,,,1,,2025-07-10,
falling-trees-document,Falling trees document,Details of document showing location of trees that pose a risk to the development,object,,supporting-document,1,,2025-06-12,
fax-number,Fax number,Fax number used to contact the individual,string,,,1,,,
fee,Fee,The fee payable for the application including amounts and transaction details,object,,fee,1,,2025-06-20,
file,File,The digital file or a reference to where the file is stored,object,,file,1,,2025-06-20,
file-size,File size,Size of the file in bytes that can be used to enforce limits,number,,,1,,2025-06-20,
filename,Filename,Name of the file being uploaded useful for identifying and preserving the file,string,,,1,,2025-06-20,
first-name,First Name,The first name of the individual,string,,,1,,2025-06-02,
flood-risk-area,Flood risk area,Is the site within an area at risk of flooding?,boolean,,,1,,2025-07-17,
flood-risk-assessment,Flood risk assessment,Reference of the flood risk assessment document,string,,,1,,2025-07-17,
floorspace,Floorspace,Total floorspace for a use in square metres,number,,,1,,2025-06-26,
floorspace-details,Floorspace details,List of non-residential floorspace changes by use class,object,,floorspace-details,n,,2025-07-17,
floorspace-lost,Floorspace lost,"Gross floorspace to be lost by change of use, in sqm",number,,,1,,2025-07-17,
foul-sewage-disposal-types,Foul sewage disposal types,List of ways foul sewage will be disposed of,enum,foul-sewage-disposal-type,,n,,2025-07-09,
full-time,Full-time,Number of full-time employees,number,,,1,,2025-07-08,
fullname,Full name,The complete name of a person,string,,,1,,2025-06-12,
future-new-right-of-way,Future new right of way,Will new public rights of way be provided after extraction?,enum,rights-of-way-answers,,1,,2025-06-13,
geological-features-impact,Geological features impact,Where is there a likelihood of features of geological conservation importance being affected?,enum,affect-area,,1,,2025-07-08,
grounds-for-application,Grounds for application,"Reason(s) why Certificate of Lawfulness of Proposed Works should be granted,
including explanation of why listed building consent is not required
",string,,,1,,2025-07-16,
grounds-post-2024,Grounds post 2024,List of grounds post 2024-04-25 under which the certificate is sought,enum,grounds-ldc-post-apr-2024,,n,,2025-07-10,
grounds-pre-2024,Grounds pre 2024,List of grounds pre 2024-04-25 under which the certificate is sought,enum,grounds-ldc-pre-apr-2024,,n,,2025-07-10,
habitat-loss-after-2020,Habitat loss after 2020,Indicates whether there has been degradation of onsite habitat(s) after 30 Jan 2020,boolean,,,1,,2025-06-16,
habitat-loss-details,Habitat loss details,Details of habitat loss or degradation events,object,,habitat-loss-details,1,,2025-06-16,
has-additional-storeys,Additional storeys added,"Have additional storeys already been added to the original building? If True, application cannot proceed.",boolean,,,1,,2025-07-15,
has-development-completed,Has development completed,Whether the development has been completed,boolean,,,1,,2025-06-26,
has-development-started,Has development started,Whether the development has already started,boolean,,,1,,2025-06-26,
has-existing-use-changed,Existing use change,Indicate whether there has been any change in the existing use since it commenced,boolean,,,1,,2025-07-15,
has-existing-use-interrupted,Existing use interrupted,Indicating whether the existing use has been interrupted since it commenced,boolean,,,1,,2025-07-15,
has-falling-trees-risk,Falling trees risk,Whether there are falling trees on-premises or adjacent premises that are a risk to the development,boolean,,,1,,2025-06-12,
has-new-disposal-arrangements,Has new disposal arrangements,Does the proposal include any new foul sewage disposal arrangments,boolean,,,1,,2025-07-17,
has-related-applications,Has related applications,"Are there any related applications, previous proposals or demolitions for the site",boolean,,,1,,2025-07-08,
have-consulted,Have consulted,Whether community consultation has been carried out,boolean,,,1,,2025-07-08,
hazardous,Hazardous,Maximum throughput for hazardous waste (annual throughput in tonnes/litres),number,,,1,,2025-07-09,
hazardous-sub-consent-details,Hazardous substance consent details,Details of hazardous substance consent requirements,string,,,1,,2025-07-09,
hazardous-sub-consent-req,Hazardous substance consent required,Does the proposal involve the use or storage of any substances requiring hazardous substances consent,boolean,,,1,,2025-07-09,
hazardous-substance-other,Hazardous substance other,The specific name of the hazardous substance if other is selected,string,,,1,,2025-07-09,
hazardous-substance-type,Hazardous substance type,Reference of hazardous substance type from predefined list,enum,hazardous-sub-type,,1,,2025-07-09,
hedgerow-length,Hedgerow length,"Total length, in metres, of hedgerow proposed for removal",number,,,1,,2025-07-17,
hedgerow-less-than-30-years,Hedgerow less than 30 years,Is the hedgerow less than 30 years old?,boolean,,,1,,2025-07-17,
height,Height,"Height, in metres, of dimensions of advertisement",number,,,1,in metres,2025-07-17,
height-from-ground,Height from ground,"Height, in metres, from ground to the base of the advertisement",number,,,1,in metres,2025-07-17,
hours-not-known,Hours not known,Applicant states they do not know the hours of operation,boolean,,,1,,2025-07-16,
hours-of-operation,Hours of operation,List the hours of operation by non-residential use,object,,hours-of-operation,n,,2025-07-16,
housing-type,Housing type,Type of housing,enum,housing-type,,1,,2025-07-17,
hydrocarbon-licence-block,Hydrocarbon licence block,Hydrocarbon licence block where the development is located,string,,,1,"Typically an identifier like ""PEDL123""",2025-07-02,
illuminance-level,Illuminance level,Level of illuminance for the advertisement,number,,,1,Unit: cd/m2,2025-07-17,
illuminated,Illuminated,Will the sign(s) be illuminated?,boolean,,,1,,2025-07-17,
illumination-method,Illumination method,Method of illumination for the advertisement,string,,,1,,2025-07-17,
illumination-type,Illumination type,Type of illumination (static or intermittent),enum,illumination-type,,1,,2025-07-17,
impact-on-amenity,Impact on amenity,"Details of the impacts on the amenity of any adjoining premises including overlooking, privacy and the loss of light including how these will be mitigated",string,,,1,,2025-07-14,
increases-flood-risk,Increases flood risk,Whether the development increases flood risk,boolean,,,1,,2025-07-17,
informed-of-application,Informed of application,Whether the person has been informed of the application,boolean,,,1,,2025-01-17,
inspection-address,Inspection address,Full postal address where supporting material can be inspected,string,,,1,Should this be the address-text field,2025-01-10,
interest-declaration,Interest declaration,The applicant's interest or ownership in the hedgerow,enum,hedgerow-interest-dec,,1,,2025-07-17,
interested-persons,Interested persons,"Details of persons with an interest in the property including their personal information, nature of interest, and notification status",object,,ldc-interested-person,n,,2025-01-17,
interruption-details,Interruption details,Details of any interruption to the existing use including dates and circumstances,string,,,1,,2025-07-15,
involves-hazardous-substances,Involves hazardous substances,Indicates if hazardous substances are involved in the proposal,enum,yes-no-not-applicable,,1,,2025-07-09,
irreplaceable-habitats,Irreplaceable habitats,Indicates whether the site contains any irreplaceable habitats,boolean,,,1,,2025-06-16,
irreplaceable-habitats-details,Irreplaceable habitats details,Description and references for any irreplaceable habitats identified on the site,string,,,1,,2025-06-16,
is-advert-in-place,Is advert in place,Whether the advertisement is already in place,boolean,,,1,,2025-07-09,
is-advert-overhanging,Is advert overhanging,Whether the advertisement will project over a footpath or other public highway,boolean,,,1,,2025-07-09,
is-annual-throughput-known,Is annual throughput known,Whether the annual throughput is known,boolean,,,1,,2025-07-09,
is-applicant-owner,Is applicant owner,Whether the applicant owns the trees affected by the proposed works,boolean,,,1,,2025-06-30,
is-demolishing-building-in-curtilage,Demolition building in curtilage,True or False indicating whether the proposal involves demolition of a building in the curtilage of a listed building,boolean,,,1,,2025-06-30,
is-discharging-part,Is discharging part,Is applicant trying to discharge part of condition?,boolean,,,1,,2025-07-07,
is-disposal-required,Disposal required,Does the proposal involve the disposal of trade effluents or waste (true/false),boolean,,,1,,2025-06-26,
is-dwelling-detached,Dwelling detached,Is the dwelling detached,boolean,,,1,,2025-07-10,
is-existing-parking-affected,Existing parking affected,Will the proposed works affect existing car parking arrangements,boolean,,,1,,2025-06-12,
is-extension-beyond-rear-wall,Extension beyond rear wall,Will the extension extend beyond the rear wall of the original dwelling,boolean,,,1,,2025-07-10,
is-extension-height-over-4m,Extension height over 4m,Will the extension exceed 4 metres in height,boolean,,,1,,2025-07-10,
is-householder-development,Is householder development,Is the development to an existing dwelling-house or development within its curtilage (true/false),boolean,,,1,,2025-06-26,
is-partial-demolition,Demolition part,True or False indicating whether the proposal involves partial demolition of a listed building,boolean,,,1,,2025-06-30,
is-proposing-demolition,Is propsing demolition,The proposal includes partial or total demolition of a listed building?,boolean,,,1,,2025-06-30,
is-psi,Is public service infrastructure,"For applications made on or after 1 August 2021, is the proposal for public service infrastructure development",boolean,,,1,,2025-06-12,
is-replacement-advert,Is replacement advert,Whether this is a replacement advertisement,boolean,,,1,,2025-07-09,
is-single-storey-extension,Single storey extension,Will the extension be a single storey,boolean,,,1,,2025-07-10,
is-site-different,Is site different,Whether the site where trees are located is different from the applicant's address,boolean,,,1,,2025-07-01,
is-site-in-restricted-area,Site in restricted area,"Is any part of the land or site located in a restricted area? If True, application cannot proceed.",boolean,,,1,,2025-07-15,
is-substituting-document,Substituting document,True or False indicating whether the amendment involves substituting documents,boolean,,,1,,2025-07-15,
is-total-capacity-known,Is total capacity known,Whether the total capacity is known,boolean,,,1,,2025-07-09,
is-total-demolition,Is total demolition,Indicating whether the proposal involves total demolition of a listed building,boolean,,,1,,2025-06-30,
is-within-site-constraints,Within site constraints,Is the dwellinghouse within any restricted area,boolean,,,1,,2025-07-10,
known-constraints,Known constraints,A list of the known constraints affecting the site,enum,site-constraint,,n,,2025-06-26,
land-part,Land part,Which part of the land the use relates to,string,,,1,,2025-07-09,
last-name,Last Name,The last name of the individual,string,,,1,,2025-06-02,
latitude,Latitude,Latitude coordinate in WGS84 (EPSG:4326),number,,,1,,2025-06-13,
lbc-owners,Owners of listed building,List of known owners,object,,notified-person,n,,2025-07-15,
ldc-need,LDC need,What is the lawful development certificate needed for?,enum,lawful-development-need,,many,At least one value must be provided,2025-07-17,
listed-building,Listed building,Listed building reference for cross-referencing with listed building records,string,,,1,,2025-01-05,
listed-building-grade,Listed building grade,"The grade of the listed building, selected from the listed-building-grade codelist or ""don't know""",enum,listed-building-grade,,1,,2025-01-05,
listed-building-volume,Listed building volume,Volume of listed building in cubic metres,number,,,1,,2025-06-30,
longitude,Longitude,Longitude coordinate in WGS84 (EPSG:4326),number,,,1,,2025-06-13,
loss-date,Loss date,Date the activity causing habitat loss or degradation occurred,date,,,1,,2025-06-16,
materials,Materials,Materials of proposed sign,string,,,1,,2025-07-17,
materials-not-applicable,Materials not applicable,Indicates this building element is not relevant to the application,boolean,,,1,,2025-06-13,
materials-not-known,Materials not known,Indicates the materials for this building element are not yet known,boolean,,,1,,2025-06-13,
max,Maximum value,"Upper bound of non-residential use, measured in square metres for floorspace or hectares for site area",number,,,1,,2025-06-26,
max-extension-height,Maximum extension height,"Maximum height of the extension, measured externally from natural ground level in metres",number,,,1,,2025-07-14,
max-projection,Max projection,"Maximum projection, in metres, of the advertisement from the face of the building",number,,,1,,2025-07-17,
metric-publication-date,Metric publication date,Publication date of the biodiversity metric tool used for calculations,date,,,1,,2025-06-16,
mime-type,MIME type,The file's MIME type such as application/pdf or image/jpeg,string,,,1,,2025-06-20,
min,Minimum value,"Lower bound of non-residential use, measured in square metres for floorspace or hectares for site area",number,,,1,,2025-06-26,
modules,Modules,List of required modules for this application that can be used to validate the application,string,,,n,,2025-06-20,
municipal,Municipal,Maximum throughput for municipal waste (annual throughput in tonnes/litres),number,,,1,,2025-07-09,
name,Name,A name of a person,string,,,1,,2025-06-12,
national-req-types,National requirement types,List of the document types required for the given application type,string,,,n,,2025-06-12,
nature-of-interest,Nature of interest,Description of the nature of a person's interest in the property,string,,,1,,2025-01-17,
needs-waste-storage-area,Needs waste storage area,Does the proposal require a waste storage area,boolean,,,1,,2025-07-08,
needs-waste-storage-area-outline,Needs waste storage area,Does the proposal require a waste storage area?,enum,yes-no-unknown,,1,Unknown is allowed in Outline applications,2025-07-08,
net-additional-floorspace,Net additional floorspace,"Net additional gross internal floorspace, in sqm",number,,,1,Calculated as total-gross-proposed - existing-gross-floorspace,2025-07-17,
net-additional-rooms,Net additional rooms,Net additional rooms following development,number,,,1,Calculated as total-rooms-proposed - existing-rooms-lost,2025-07-17,
net-change,Net change,Calculated net change in units,number,,,1,,2025-07-17,
net-dwellings-max,Net dwellings maximum,"The maximum number of net additional dwellings proposed as part of the development, allowing for flexibility in the final housing numbers",number,,,1,,2025-06-26,
net-dwellings-min,Net dwellings minimum,"The minimum number of net additional dwellings proposed as part of the development, accounting for any existing dwellings lost and new dwellings created",number,,,1,,2025-06-26,
new-altered-pedestrian,New or altered pedestrian access,Is a new or altered pedestrian access proposed to/from the public highway,enum,rights-of-way-answers,,1,,2025-06-13,
new-altered-vehicle,New or altered vehicle access,Is a new or altered vehicle access proposed to/from the public highway,enum,rights-of-way-answers,,1,,2025-06-13,
new-document,New document,Reference for the new document replacing the old document in the amendment,string,,,1,,2025-07-15,
new-drawing-reference,New drawing reference,Reference for the new drawing that replaces the old drawing,string,,,1,,2025-06-26,
new-public-road,New public road,Will new public roads be provided within the site,enum,rights-of-way-answers,,1,,2025-06-13,
new-right-of-way,New right of way,Will new public rights of way be provided within or adjacent to the site,enum,rights-of-way-answers,,1,,2025-06-13,
newspaper-name,Newspaper name,Name of the newspaper where the ownership notice was published,string,,,1,,2025-06-13,
newspaper-notices,Newspaper notices,Details of notices published in papers,object,,newspaper-notice,n,,2025-06-13,
no-bedrooms-unknown,No bedrooms unknown,Set to true when counting units where bedroom number is unknown,boolean,,,1,,2025-07-17,
no-of-bedrooms,Number of bedrooms,The number of bedrooms in unit,number,,,1,,2025-07-17,
non-residential-change,Non residential change,"Does the proposal involve the loss, gain, or change of non-residential floorspace?",boolean,,,1,,2025-07-17,
non-residential-measurement-type,Non-residential measurement type,The type of value being provided for non-residential use - either floorspace or site-area,enum,non-res-measurement-type,,1,,2025-06-26,
non-residential-use,Non-residential use,"The amount of non-residential use, which can be expressed as floorspace, site area, or both",object,,non-residential-use,n,,2025-06-26,
northing,Northing,Northing coordinate in British National Grid (EPSG:27700),number,,,1,,2025-06-13,
not-applicable,Not applicable,Whether the facility is not applicable,boolean,,,1,,2025-07-09,
notice-date,Notice date,Date when notice was served to an owner or tenant,date,,,1,,2025-06-13,
number,Phone number,A phone number,string,,,1,,,
officer-name,Officer name,Name of the planning officer who provided the pre-application advice,string,,,1,,2025-06-12,
old-document,Old document,Reference of the old document being replaced in the amendment,string,,,1,,2025-07-15,
old-drawing-reference,Old drawing reference,Reference of the old drawing being replaced,string,,,1,,2025-06-26,
open-time,Open time,Opening time,string,,,1,Format: HH:MM,2025-07-16,
operation-type,Operation type,Whether the proposed use is temporary or permanent,enum,operation-type,,1,,2025-07-17,
operational-times,Operational times,Structured data for operational hours by day,object,,operational-times,n,Must be completed if hours-not-known is not provided,2025-07-16,
original-application-type,Original application type,Type of original planning application,string,,,1,,2025-06-26,
other-contact,Other site visit contact,Details of specifically named contact for site visits,object,,other-contact,1,,2025-06-12,
other-details,Other details,Explanation if other ground is selected,string,,,1,,2025-07-10,
owner,Tree owner,Details of the owner of trees when the applicant is not the owner,object,,owner,n,,2025-06-30,
owner-details,Owner details,Details of property owners including their personal information and notification status,object,,ldc-owner-details,n,,2025-01-17,
owners-and-tenants,Owners and tenants,List of known owners and agricultural tenants,object,,notified-person,n,,2025-06-13,
ownership-cert-option,Ownership certificate type,The type of ownership certificate based on ownership and tenancy status,enum,ownership-cert-type,,1,,2025-06-13,
parking-space-type,Parking space type,Type of parking space or vehicle type,enum,parking-space-type,,1,,2025-07-08,
parking-spaces,Parking spaces,Array of parking space information by vehicle type,object,,parking-space,n,,2025-07-08,
part-built-date,Part built date,"The approximate date the part to be removed was built, in YYYY-MM-DD format.",date,,,1,Approximate dates are allowed,2025-06-30,
part-time,Part-time,Number of part-time employees,number,,,1,,2025-07-08,
permission-not-obtained-details,Permission not obtained details,Details explaining why permission from the land owner has not been obtained for the advertisement display,string,,,1,,2025-07-08,
permission-obtained,Permission obtained,True or False indicating whether permission of the owner for the display of an advertisement has been obtained,boolean,,,1,,2025-07-08,
permission-period-years,Permission period years,Period of permission sought in years,number,,,1,,2025-07-02,
person,Person,Detail to help identify a person,object,,person,1,,2025-06-02,
phone-number,Phone number,Contact telephone number,object,,phone-number,1,,2025-06-12,
phone-numbers,Phone number(s),One or more telephone numbers to contact individual,object,,phone-number,n,,,
pip-reference,PIP reference,Reference number for the Planning in Principle (PIP) application this relates to,string,,,1,,2025-06-12,
plan-references,Plan references,References to plans showing the stretches of hedgerows to be removed,string,,,n,,2025-07-17,
planning-authority,Planning authority,"The reference of the planning authority the application has been submitted to, e.g. local-authority:CMD",string,,,1,,2025-06-20,
plans-documents,Plans documents,"List of plans, drawings, and supporting documents",object,,plans-document,n,,2025-07-14,
planting-evidence-attached,Planting evidence attached,Is evidence of the date of planting attached?,boolean,,,1,,2025-07-17,
postcode,Postcode,The postal code,string,,,1,,2025-06-02,
pre-development-biodiversity-value,Pre development biodiversity value,Calculated biodiversity value in Habitat Biodiversity Units,number,,,1,,2025-06-16,
pre-development-date,Pre development date,"Date of pre-development biodiversity value calculation, must align with application or justified earlier date",date,,,1,,2025-06-16,
pre-loss-biodiversity-value,Pre loss biodiversity value,"Biodiversity value immediately before habitat loss or degradation occurred, measured in Habitat Biodiversity Units",number,,,1,,2025-06-16,
produce-foul-sewage,Produce foul sewage,Whether the proposed development will produce any foul sewage,boolean,,,1,,2025-07-09,
proposal-alter-lb,Proposal alter listed building,True or False if proposal includes alterations to a listed building,boolean,,,1,,2025-06-12,
proposal-alter-lb-types,Proposal alteration types,"Select from a list of listed building alteration types, select all that apply",enum,lb-alteration-type,,n,,2025-06-12,
proposal-building-operations-description,Proposal building operations description,Description of the building operations included in the proposal,string,,,1,,2025-07-17,
proposal-change-of-use-description,Proposal change of use description,Description of the change of use included in the proposal,string,,,1,Required if proposal-incl-change-of-use is true,2025-07-17,
proposal-completed,Proposal completed,Has any work on the proposal already been completed,boolean,,,1,,2025-06-12,
proposal-completed-date,Proposal completion date,"The date when work on the proposal was completed, in YYYY-MM-DD format",date,,,1,,2025-06-12,
proposal-description,Proposal description,"A description of what is being proposed, including the development, works, or change of use",string,,,1,,2025-06-12,
proposal-existing-use-description,Proposal existing use description,Description of the existing use before the proposed change of use,string,,,1,,2025-07-17,
proposal-existing-use-stop-date,Proposal existing use stop date,Date when the existing use stopped or will stop,string,,,1,,2025-07-17,
proposal-incl-building-operations,Proposal incl building operations,Does the proposal include building operations?,boolean,,,1,For lawful development certificate for proposed work,2025-07-17,
proposal-incl-change-of-use,Proposal incl change of use,Does the proposal include a change of use?,boolean,,,1,,2025-07-17,
proposal-started,Proposal started,Has any work on the proposal already been started,boolean,,,1,,2025-06-12,
proposal-started-date,Proposal start date,"The date when work on the proposal started, in YYYY-MM-DD format",date,,,1,,2025-06-12,
proposal-waste-management,Proposal waste management,Whether the proposal involves waste management development,boolean,,,1,,2025-07-09,
proposal-waste-management-outline,Proposal waste management outline variant,Whether the proposal involves waste management development (yes/no/unknown),enum,yes-no-unknown,,1,,2025-07-09,
proposed-employees,Proposed employees,Counts of proposed employees,object,,employees,1,,2025-07-08,
proposed-height,Proposed height,Height once the additional storeys have been added in metres,number,,,1,,2025-07-14,
proposed-materials,Proposed materials,Description of the materials proposed for this building element as part of the development,string,,,1,,2025-06-13,
proposed-unit-breakdown,Proposed unit breakdown,Number of proposed units by bedroom count,object,,unit-quantities,n,,2025-07-17,
proposed-works-details,Proposed works details,Description of the proposed works including detailed explanation of the work,string,,,1,,2025-07-14,
protected-species-impact,Protected species impact,Where is there a likelihood of protected and priority species being affected?,enum,affect-area,,1,,2025-07-08,
protected-view-impact,Protected view impact,Details of the impact on any protected view where relevant,string,,,1,,2025-07-14,
provided-by,Provided by,Whether the information was provided by the applicant or calculated by the system,enum,provided-by,,1,,2025-06-26,
publication-date,Publication date,Date when the ownership notice was published in the newspaper,date,,,1,,2025-06-13,
quantity-cubic-metres,Quantity cubic metres,Quantity of oil or gas involved in cubic metres,number,,,1,,2025-07-02,
reason,Reason,A textual reason,string,,,1,,2025-06-26,
reason-not-informed,Reason not informed,Reason why a person was not informed of the application,string,,,1,,2025-01-17,
reference,Reference,A unique reference for the data item,string,,,1,,2025-06-02,
reference-number,Reference number,Reference number of the planning permission,string,,,1,,2025-06-26,
related-application,Related application,"Details about the approved development, as shown in the decision letter",object,,related-application-details,1,,2025-06-12,
related-applications,Related applications,"List of related applications, previous proposals or demolitions for the site",object,,related-application-details,n,,2025-07-08,
removal-reasons,Removal reasons,Reasons for the proposed removal of hedgerow(s),string,,,1,,2025-07-17,
replacement-documents,Replacement documents,List of documents being replaced in the amendment with old and new document references,object,,replacement-document,n,,2025-07-15,
replacement-drawings,Replacement drawings,List of approved drawings being replaced by new drawings,object,,replacement-drawing,n,,2025-06-26,
replanting-description,Replanting description,Details of replanting arrangements if applicable,string,,,1,,2025-06-30,
reserved-matters,Reserved matters,Identifies which reserved matters are being submitted for approval as part of this application,enum,reserved-matter-type,,n,,2025-06-12,
residential-unit-summary,Residential unit summary,Breakdown of unit counts by tenure and housing type,object,,residential-unit-summary,n,,2025-07-17,
room-details,Room details,"List of room changes for hotels, residential institutions and hostels",object,,room-details,n,"Required if change to hotels, residential institutions and hostel floorspace (C1, C2, C2A use classes)",2025-07-17,
separate-recycling-arrangements,Separate recycling arrangements,Does the proposal include separate recycling arrangements,boolean,,,1,,2025-07-08,
separate-recycling-arrangements-details,Separate recycling arrangements details,"Details of the recycling arrangements including types of materials, collection methods and storage facilities",string,,,1,,2025-07-08,
separate-recycling-arrangements-outline,Separate recycling arrangements (outline),Does the proposal include separate recycling arrangements?,enum,yes-no-unknown,,1,Unknown is allowable in Outline applications,2025-07-17,
signature-date,Signature date,Date when the ownership certificate was signed,date,,,1,,2025-06-13,
site-activity-details,Site activity details,"Description of activities, processes, and end products including site operations, plant, ventilation, and machinery",string,,,1,,2025-07-09,
site-area,Site area,The total area of the site where development is proposed,object,,site-area,1,,2025-06-26,
site-area-in-hectares,Site area in hectares,The size of the site in hectares,number,,,1,,2025-07-02,
site-area-provided-by,Site area provided by,Who provided the site area value,enum,provided-by,,1,,2025-07-02,
site-boundary,Site boundary,"Geometry of the site of the development, typically in GeoJSON format",wkt,,,1,,2025-06-13,
site-constraints,Site constraints,List of specific site constraints that restrict development,enum,designation,,n,,2025-07-10,
site-hectares-provided-by,Site hectares provided by,Who provided the site hectares value (applicant or system),enum,provided-by,,1,,2025-07-02,
site-locations,Site locations,Details of the sites where development or works are proposed,object,,site-location,n,,2025-06-13,
site-owner,Site owner,Details of the owner of the development site,object,,site-owner,1,,2025-07-09,
sole-owner,Sole owner,Is the applicant the sole owner of the land?,boolean,,,1,,2025-06-13,
species,Species,The species of the tree,string,,,1,,2025-06-30,
specified-use,Specified use,A specified use if no applicable use class is available,string,,,1,,2025-06-26,
steps-taken,Steps taken,Description of steps taken to identify unknown owners or tenants,string,,,1,,2025-06-13,
storage-facilities-description,Storage facilities description,"Details and proposed facilities for the storage of oil, fuel and chemicals and the proposed means of their protection",string,,,1,,2025-07-08,
submission-date,Submission date,Date the application is submitted in YYYY-MM-DD format,date,,,1,,2025-06-20,
substance-types,Substance types,List of hazardous substances and their quantities,object,,hazardous-substance,n,,2025-07-09,
supporting-applications,Supporting applications,"List of supporting planning permissions, certificates, or notices affecting the application site",object,,supporting-applications,n,,2025-07-10,
supporting-documents,Supporting documents,Supporting documents that provide additional information about the materials to be used,object,,supporting-document,n,,2025-06-13,
supporting-evidence,Supporting evidence,Description or reference to supporting documents for habitat loss or degradation evidence,string,,,1,,2025-06-16,
surface-site-area-hectares,Surface site area hectares,Surface site area in hectares,number,,,1,could this be calculated from the site boundary?,2025-07-02,
surface-water-disposal,Surface water disposal,Method for disposing of surface water,enum,surface-water-disposal-type,,n,,2025-07-17,
symbol-height-max,Symbol height max,"Maximum height, in metres, of any individual letters or symbols",number,,,1,,2025-07-17,
temp-right-of-way,Temporary right of way changes,Are temporary changes to rights of way needed while the site is worked,enum,rights-of-way-answers,,1,,2025-06-13,
temporary-details,Temporary details,Details of temporary use including duration and specific arrangements,string,,,1,,2025-07-17,
tenure-type,Tenure type,Category of housing tenure,enum,tenure-type,,1,,2025-07-17,
time-ranges,Time ranges,Opening and closing times for the day,object,,time-range,n,"Can have multiple ranges (e.g., morning and evening opening)",2025-07-16,
title,Title,The title of the individual,string,,,1,,2025-06-02,
total-capacity,Total capacity,Total capacity of void in cubic metres (or tonnes/litres),number,,,1,,2025-07-09,
total-existing,Total existing,Total number of existing parking spaces,number,,,1,,2025-07-08,
total-existing-units,Total existing units,The total number of existing units,number,,,1,,2025-07-17,
total-fte,Total FTE,Total full-time equivalent (FTE),number,,,1,,2025-07-08,
total-gross-proposed,Total gross proposed,"Total gross internal floorspace proposed, in sqm",number,,,1,,2025-07-17,
total-proposed,Total proposed,Total number of proposed parking spaces,number,,,1,,2025-07-08,
total-proposed-units,Total proposed units,The total number of proposed units,number,,,1,,2025-07-17,
total-rooms-proposed,Total rooms proposed,Total rooms proposed (including change of use),number,,,1,Must be 0 or positive,2025-07-17,
total-units,Total units,Total number of units,number,,,1,,2025-07-17,
tpo-provided-by,TPO provided by,How was the list of TPO references generated - by the applicant or system/service,enum,provided-by,,1,,2025-06-30,
tpo-reference,TPO reference,Reference for a Tree Preservation Order covering affected trees,string,,,n,,2025-06-30,
transactions,Transactions,References to payments or financial transactions related to this application,string,,,n,,2025-06-20,
tree-details,Tree details,Details of each tree that is part of the proposal including work to be carried out,object,,tree-details,n,,2025-06-30,
tree-removal,Tree removal,Whether trees or hedges need to be pruned or removed,boolean,,,1,,2025-06-12,
tree-removal-plan,Tree removal plan,Details of document showing location of trees and hedges to be removed or pruned,object,,supporting-document,1,,2025-06-12,
trees-on-adj-land,Trees on adjacent land,Whether trees or hedges on land adjacent to the proposed development site could influence the development or might be important as part of the local landscape character,boolean,,,1,,2025-06-12,
trees-on-site,Trees on site,Whether trees or hedges are present on the proposed development site,boolean,,,1,,2025-06-12,
unit,Unit,Unit of measurement for a value,string,,,1,,2025-06-26,
units,Units,The number of units of that bedroom count,number,,,1,,2025-07-17,
units-per-bedroom-no,Units per bedroom number,Number of units broken down by bedroom count,object,,bedroom-count,n,,2025-07-17,
units-unknown,Units unknown,Whether the number of units is unknown,boolean,,,1,,2025-07-17,
unknown-proposed,Unknown proposed,If proposed parking spaces is unknown,Boolean,,,1,,2025-07-08,
uprn,UPRN,Unique Property Reference Number,string,,,1,,2025-07-07,
uprns,UPRNs,Unique Property Reference Numbers (UPRNs) for properties within the site boundary,string,,,n,,2025-06-13,
url,URL,A URL pointing to the stored file for previously uploaded or hosted files,string,,,1,,2025-06-20,
use,Use,A use class or type of use,enum,use-class,,1,"an option needs to be ""other""",2025-06-26,
use-class,Use class,Type of non-residential use class,enum,use-class,,1,"Only required for C1, C2, C2A, or Other use classes",2025-07-17,
use-details,Use details,Further detail of the use,string,,,1,,2025-07-09,
use-lawful-reason,Use lawful reason,"Explanation of why the existing or last use is considered lawful, 
providing justification for a lawful development certificate application
",string,,,1,,2025-06-26,
use-other,Use other,"Specify use if use is ""other""",string,,,1,"Required if use is ""other""",2025-07-16,
user-role,User role,The role of the named individual. Agent or proxy,enum,user-role-type,,1,,2025-06-20,
uses,Uses,List of applicable uses for a site or development,object,,use,n,,2025-06-26,
value,Value,Numeric value representing a measurement or quantity,number,,,1,,2025-06-26,
vehicle-type-other,Vehicle type other,Vehicle type when parking space type is 'other',string,,,1,,2025-07-08,
was-constructed-btw-1948-2018,Was constructed between 1948 and 2018,"Was the current building constructed between 1 July 1948 and 28 October 2018? If False, application cannot proceed.",boolean,,,1,,2025-07-15,
was-use-granted-by-pdr,Use granted by permitted development right,"Was the current use of the building granted by permitted development rights? If True, application cannot proceed.",boolean,,,1,,2025-07-15,
waste-management,Waste management,List of waste management facilities involved in the proposal,object,,waste-management,n,,2025-07-09,
waste-management-facility-type,Waste management facility type,Type of waste management facility,enum,waste-management-type,,1,,2025-07-09,
waste-management-outline,Waste management,List of waste management facilities involved in the proposal. Specifically for outline applications,object,,waste-management-outline,n,,2025-07-14,
waste-storage-area-details,Waste storage area details,"Details of the waste storage area including location, size, design and access arrangements",string,,,1,,2025-07-08,
waste-streams,Waste streams throughput,Annual throughput for waste streams by waste type,object,,waste-streams,1,,2025-07-09,
width,Width,Width of dimensions of advertisement,number,,,1,in metres,2025-07-17,
will-residential-units-change,Residential unit change,"Proposal includes the gain, loss or change of use of residential units",boolean,,,1,,2025-07-17,
within-20m-watercourse,Within 20m watercourse,Whether the development is within 20 metres of a watercourse,boolean,,,1,,2025-07-17,
