reference,cardinality,codelist,component,datatype,description,name,notes,entry-date,start-date,end-date
permission-process-event,1,,,enum,"Type of event in the processing of a planning application (e.g. submitted, validated, consultation start).",Permission process event,,2026-01-29,,
agent,1,,agent,object,Details of the agent,agent,,2025-06-02,,
existing-employees,1,,employees,object,Counts of existing employees,Existing employees,,2025-07-08,,
planning-condition,1,,,string,Reference of the planning condition this record links to,Planning condition,,2026-01-08,,
width,1,,,number,Width of dimensions of advertisement,Width,in metres,2025-07-17,,
has-existing-use-changed,1,,,boolean,Indicate whether there has been any change in the existing use since it commenced,Existing use change,,2025-07-15,,
application-types,n,,,enum,A list of planning application types that define the nature of the planning application,Application types,,2025-06-20,,
depth,1,,,number,"Depth, in metres, of dimensions of advertisement",Depth,in metres,2025-07-17,,
advertisement-proposal-type,n,,advertisement-proposal-type,object,Expected to provide counts for each advertisement type,Advertisement proposal type,,2025-07-08,,
hazardous-sub-consent-req,1,,,boolean,Does the proposal involve the use or storage of any substances requiring hazardous substances consent,Hazardous substance consent required,,2025-07-09,,
listed-building-volume,1,,,number,Volume of listed building in cubic metres,Listed building volume,,2025-06-30,,
email,1,,,string,The email address that can be used for electronic correspondence with the individual,Email,,2025-06-02,,
contamination-assessment,1,,,string,Reference to contamination assessment document,Contamination assessment,,2025-08-18,,
original-application-type,1,,,string,Type of original planning application,Original application type,,2025-06-26,,
geological-features-impact,1,,,enum,Where is there a likelihood of features of geological conservation importance being affected?,Geological features impact,,2025-07-08,,
unit,1,,,string,Unit of measurement for a value,Unit,,2025-06-26,,
building-elements,n,,building-element,object,"Details of materials for a specific building element such as walls, roof, windows or doors",Building elements,,2025-06-13,,
protected-species-impact,1,,,enum,Where is there a likelihood of protected and priority species being affected?,Protected species impact,,2025-07-08,,
protected-view-impact,1,,,string,Details of the impact on any protected view where relevant,Protected view impact,,2025-07-14,,
surface-site-area-hectares,1,,,number,Surface site area in hectares,Surface site area hectares,could this be calculated from the site boundary?,2025-07-02,,
materials-similar-exterior,1,,,boolean,Will exterior materials be similar to those of the existing dwelling,Materials similar exterior,,2025-07-18,,
net-dwellings-min,1,,,number,"The minimum number of net additional dwellings proposed as part of the development, accounting for any existing dwellings lost and new dwellings created",Net dwellings minimum,,2025-06-26,,
non-residential-measurement-type,1,,,enum,The type of value being provided for non-residential use - either floorspace or site-area,Non-residential measurement type,,2025-06-26,,
equipment-plan,1,,,string,Details of equipment to be used as part of the application including the maximum height and type of drilling rig to be used,Equipment plan,,2025-07-08,,
close-time,1,,,string,Closing time,Close time,Format: HH:MM,2025-07-16,,
event-date,1,,,date,Date the event occurred,Event date,,2026-01-29,,
foul-sewage-disposal-types,n,,,enum,List of ways foul sewage will be disposed of,Foul sewage disposal types,,2025-07-09,,
illuminated,1,,,boolean,Will the sign(s) be illuminated?,Illuminated,,2025-07-17,,
tpo-reference,n,,,string,Reference for a Tree Preservation Order covering affected trees,TPO reference,,2025-06-30,,
development-completed-date,1,,,datetime,Date when development was completed,Development completed date,,2025-06-26,,
proposal-started,1,,,boolean,Has any work on the proposal already been started,Proposal started,,2025-06-12,,
site-owner,1,,site-owner,object,Details of the owner of the development site,Site owner,,2025-07-09,,
reference,1,,,string,A unique reference for the data item,Reference,,2025-06-02,,
total-fte,1,,,number,Total full-time equivalent (FTE),Total FTE,,2025-07-08,,
is-suspected-contaminated-land,1,,,boolean,Is the site suspected of contamination?,Is suspected contaminated land,,2025-08-18,,
new-right-of-way,1,,,enum,Will new public rights of way be provided within or adjacent to the site,New right of way,,2025-06-13,,
replanting-description,1,,,string,Details of replanting arrangements if applicable,Replanting description,,2025-06-30,,
exact-value,1,,,number,"Exact figure of non-residential use, measured in square metres for floorspace or hectares for site area",Exact value,,2025-06-26,,
address-text,1,,,string,Flexible field for capturing addresses,Address Text,,2025-06-02,,
condition-number,1,,,string,Number of any condition being breached,Condition number,,2025-07-10,,
lbc-owners,n,,notified-person,object,List of known owners,Owners of listed building,,2025-07-15,,
time-ranges,n,,time-range,object,Opening and closing times for the day,Time ranges,"Can have multiple ranges (e.g., morning and evening opening)",2025-07-16,,
extension-on-attached-dwelling,1,,,boolean,Will the extension result in the highest part exceeding 3.5 metres above the attached roof,Extension on attached dwelling,,2025-07-18,,
new-drawing-reference,1,,,string,Reference for the new drawing that replaces the old drawing,New drawing reference,,2025-06-26,,
future-new-right-of-way,1,,,enum,Will new public rights of way be provided after extraction?,Future new right of way,,2025-06-13,,
floorspace-details,n,,floorspace-details,object,List of non-residential floorspace changes by use class,Floorspace details,,2025-07-17,,
is-single-storey-extension,1,,,boolean,Will the extension be a single storey,Single storey extension,,2025-07-10,,
construction-demolition,1,,,number,Maximum throughput for construction and demolition waste (annual throughput in tonnes/litres),Construction demolition,,2025-07-09,,
window-on-side-elevation,1,,,boolean,Will the development include a side elevation window or roof slope window,Window on side elevation,,2025-07-18,,
total-existing-units,1,,,number,The total number of existing units,Total existing units,,2025-07-17,,
net-additional-floorspace,1,,,number,"Net additional gross internal floorspace, in sqm",Net additional floorspace,Calculated as total-gross-proposed - existing-gross-floorspace. This should be calculated automatically,2025-07-17,,
land-part,1,,,string,Which part of the land the use relates to,Land part,,2025-07-09,,
floorspace-lost,1,,,number,"Gross floorspace to be lost by change of use, in sqm",Floorspace lost,,2025-07-17,,
waste-management,n,,waste-management,object,List of waste management facilities involved in the proposal,Waste management,,2025-07-09,,
fullname,1,,,string,The complete name of a person,Full name,,2025-06-12,,
is-partial-demolition,1,,,boolean,True or False indicating whether the proposal involves partial demolition of a listed building,Demolition part,,2025-06-30,,
longitude,1,,,number,Longitude coordinate in WGS84 (EPSG:4326),Longitude,,2025-06-13,,
materials-not-applicable,1,,,boolean,Indicates this building element is not relevant to the application,Materials not applicable,,2025-06-13,,
permission-not-obtained-details,1,,,string,Details explaining why permission from the land owner has not been obtained for the advertisement display,Permission not obtained details,,2025-07-08,,
max-projection,1,,,number,"Maximum projection, in metres, of the advertisement from the face of the building",Max projection,,2025-07-17,,
commercial-industrial,1,,,number,Maximum throughput for commercial and industrial waste (annual throughput in tonnes/litres),Commercial industrial,,2025-07-09,,
oilgas-permission-type,1,,,enum,An oil and gas related permission type,Oil and gas permission type,,2025-12-05,,
no-of-bedrooms,1,,,number,The number of bedrooms in unit,Number of bedrooms,,2025-07-17,,
application,1,,application,object,The details of the application payload to be submitted,Application,,2025-06-20,,
surface-water-disposal,n,,,enum,Method for disposing of surface water,Surface water disposal,,2025-07-17,,
loss-date,1,,,datetime,Date the activity causing habitat loss or degradation occurred,Loss date,,2025-06-16,,
url,1,,,string,A URL pointing to the stored file for previously uploaded or hosted files,URL,,2025-06-20,,
declaration-confirmed,1,,,boolean,Confirms the applicant or agent has reviewed and validated the information provided in the application,Declaration confirmed,,2025-06-12,,
vehicle-type-other,1,,,string,Vehicle type when parking space type is 'other',Vehicle type other,,2025-07-08,,
dwellinghouse-height,1,,,number,Height from ground to highest point of roof in metres,Dwellinghouse height,,2025-07-14,,
proposed-works-details,1,,,string,Description of the proposed works including detailed explanation of the work,Proposed works details,,2025-07-14,,
reason,1,,,string,A textual reason,Reason,,2025-06-26,,
min,1,,,number,"Lower bound of non-residential use, measured in square metres for floorspace or hectares for site area",Minimum value,,2025-06-26,,
site-hectares-provided-by,1,,,enum,Who provided the site hectares value (applicant or system),Site hectares provided by,,2025-07-02,,
agent-reference,1,,,string,A reference to an agent object,Agent reference,,2025-05-30,,
newspaper-notices,n,,newspaper-notice,object,Details of notices published in papers,Newspaper notices,,2025-06-13,,
base64-content,1,,,string,Base64-encoded content of the file for inline file uploads,Base64,,2025-06-20,,
northing,1,,,number,Northing coordinate in British National Grid (EPSG:27700),Northing,,2025-06-13,,
last-use-details,1,,,string,Description of the last use of the site,Last use details,,2025-08-18,,
non-residential-change,1,,,boolean,"Does the proposal involve the loss, gain, or change of non-residential floorspace?",Non residential change,,2025-07-17,,
existing-use-change-details,1,,,string,Details of any changes to the existing use including nature of changes and dates,Existing use change details,,2025-07-15,,
is-site-different,1,,,boolean,Whether the site where trees are located is different from the applicant's address,Is site different,,2025-07-01,,
decision-notice,1,,,string,Reference to a decision notice record,Decision notice,,2026-01-09,,
proposed-use-contamination-risk,1,,,boolean,Is the proposed use vulnerable to the presence of contamination?,Proposed use contamination risk,,2025-08-18,,
has-falling-trees-risk,1,,,boolean,Whether there are falling trees on-premises or adjacent premises that are a risk to the development,Falling trees risk,,2025-06-12,,
proposal-completed-date,1,,,datetime,"The date when work on the proposal was completed, in YYYY-MM-DD format",Proposal completion date,,2025-06-12,,
tree-removal-plan,1,,supporting-document,object,Details of document showing location of trees and hedges to be removed or pruned,Tree removal plan,,2025-06-12,,
old-document,1,,,string,Reference of the old document being replaced in the amendment,Old document,,2025-07-15,,
advertisement-proposal-description,1,,,string,Description of the advertisement proposal,Advertisement proposal description,,2025-07-08,,
irreplaceable-habitats-details,1,,,string,Description and references for any irreplaceable habitats identified on the site,Irreplaceable habitats details,,2025-06-16,,
replacement-drawings,n,,replacement-drawing,object,List of approved drawings being replaced by new drawings,Replacement drawings,,2025-06-26,,
room-details-outline,n,,room-details-outline,object,"List of room changes for hotels, residential institutions and hostels",Room details,"Required if change to hotels, residential institutions and hostel floorspace (C1, C2, C2A use classes). Only for outline applications.",2025-08-28,,
height-from-ground,1,,,number,"Height, in metres, from ground to the base of the advertisement",Height from ground,in metres,2025-07-17,,
existing-unit-breakdown,n,,unit-quantities,object,Number of existing units by bedroom count,Existing unit breakdown,,2025-07-17,,
cert-of-immunity-sought,1,,,enum,Has a certificate of immunity been sought,Certificate of immunity sought,,2025-07-01,,
nature-of-interest,1,,,string,Description of the nature of a person's interest in the property,Nature of interest,,2025-01-17,,
illumination-method,1,,,enum,Method of illumination for the advertisement,Illumination method,,2025-07-17,,
uploaded-date,1,,,datetime,The date the document was uploaded to the application,Uploaded date,,2025-10-08,,
planning-authority,1,,,enum,"A reference of the planning authority the application has been submitted to, e.g. local-authority:CMD for London borough of Camden",Planning authority,"Currently built by combining local-authority, development-corporation and national-park-authority datasets from planning.data.gov.uk",2025-06-20,,
habitat-loss-details,1,,habitat-loss-details,object,Details of habitat loss or degradation events,Habitat loss details,,2025-06-16,,
contact-type,1,,,enum,Indicates who the authority should contact to arrange a site visit,Site visit contact type,,2025-06-12,,
submission-date,1,,,datetime,Date the application is submitted in YYYY-MM-DD format,Submission date,,2025-06-20,,
details,1,,,string,Additional details or information about an item,Details,,2025-06-26,,
related-proposals,n,,related-proposal,object,A set of related proposals with application type and decision date,Related proposals,,2025-09-09,,
site-activity-details,1,,,string,"Description of activities, processes, and end products including site operations, plant, ventilation, and machinery",Site activity details,,2025-07-09,,
related-application,1,,related-application-details,object,"Details about the approved development, as shown in the decision letter",Related application,,2025-06-12,,
roof-pitch-matching,1,,,boolean,Will the roof pitch of the extended dwelling match the existing roof pitch,Roof pitch matching,,2025-07-18,,
site,1,,,string,Reference for the associated site,Site,,2026-01-19,,
use-class-accommodation,1,,,enum,Type of non-residential use class referring to accommodation uses,Use class for accommodation,"Only required for C1, C2, C2A, or Other use classes. Used to indicate gain or loss in room counts
",2025-07-17,,
advert-placed-date,1,,,datetime,Date when the advertisement was placed (YYYY-MM-DD format),Advert placed date,,2025-07-09,,
is-replacement-advert,1,,,boolean,Whether this is a replacement advertisement,Is replacement advert,,2025-07-09,,
file,1,,file,object,The digital file or a reference to where the file is stored,File,,2025-06-20,,
is-total-gross-proposed-known,1,,,boolean,Whether the total gross proposed floorspace is known,Is total gross proposed known,,2025-08-28,,
operational-times,n,,operational-times,object,Structured data for operational hours by day,Operational times,Must be completed if hours-not-known is not provided,2025-07-16,,
providing-additional-material-information,1,,,boolean,Is the applicant providing additional materials information on submitted plan(s)/drawing(s)/design and access statement?,Providing additional material information,,2025-06-13,,
full-time,1,,,number,Number of full-time employees,Full-time,,2025-07-08,,
proposal-change-of-use-description,1,,,string,Description of the change of use included in the proposal,Proposal change of use description,Required if proposal-incl-change-of-use is true,2025-07-17,,
easting,1,,,number,Easting coordinate in British National Grid (EPSG:27700),Easting,,2025-06-13,,
roof-height-exceeds-7m,1,,,boolean,Will the roof exceed 7 metres above the highest part of the existing roof,Roof height exceeds 7m,,2025-07-18,,
bng-condition-exemption-reasons,n,,bng-exemption-reason,object,"Reasons why BNG does not apply, referencing exemptions or transitional arrangements",Biodiversity gain condition exemption reason,,2025-06-16,,
storage-facilities-description,1,,,string,"Details and proposed facilities for the storage of oil, fuel and chemicals and the proposed means of their protection",Storage facilities description,,2025-07-08,,
supporting-applications,n,,supporting-applications,object,"List of supporting planning permissions, certificates, or notices affecting the application site",Supporting applications,,2025-07-10,,
waste-storage-area-details,1,,,string,"Details of the waste storage area including location, size, design and access arrangements",Waste storage area details,,2025-07-08,,
proposal-existing-use-stop-date,1,,,string,Date when the existing use stopped or will stop,Proposal existing use stop date,,2025-07-17,,
have-consulted,1,,,boolean,Whether community consultation has been carried out,Have consulted,,2025-07-08,,
temporary-details,1,,,string,Details of temporary use including duration and specific arrangements,Temporary details,,2025-07-17,,
supporting-evidence,1,,,string,Description or reference to supporting documents for habitat loss or degradation evidence,Supporting evidence,,2025-06-16,,
removal-reasons,1,,,string,Reasons for the proposed removal of hedgerow(s),Removal reasons,,2025-07-17,,
proposal-waste-management-outline,1,,,enum,Whether the proposal involves waste management development (yes/no/unknown),Proposal waste management outline variant,,2025-07-09,,
advertisement-other-description,1,,,string,Details required if other advertisement type is selected,Advertisement other description,,2025-07-08,,
declaration-date,1,,,string,The date the declaration was made,Declaration date,,2025-06-12,,
new-document,1,,,string,Reference for the new document replacing the old document in the amendment,New document,,2025-07-15,,
causing-structural-damage,1,,,boolean,Whether structural damage is being caused by the tree(s),Causing structural damage,,2025-07-01,,
agent-signature,1,,,string,Digital signature of the agent (if applicable),Agent signature,,2025-06-13,,
has-existing-use-interrupted,1,,,boolean,Indicating whether the existing use has been interrupted since it commenced,Existing use interrupted,,2025-07-15,,
advertisement-type,1,,,enum,One of the advertisement-types or other,Advertisement type,,2025-07-08,,
proposal-incl-building-operations,1,,,boolean,Does the proposal include building operations?,Proposal incl building operations,For lawful development certificate for proposed work,2025-07-17,,
site-area-in-hectares,1,,,number,The size of the site in hectares,Site area in hectares,,2025-07-02,,
new-altered-vehicle,1,,,enum,Is a new or altered vehicle access proposed to/from the public highway,New or altered vehicle access,,2025-06-13,,
illuminance-level,1,,,number,Level of illuminance for the advertisement,Illuminance level,Unit: cd/m2,2025-07-17,,
steps-taken,1,,,string,Description of steps taken to identify unknown owners or tenants,Steps taken,,2025-06-13,,
conflict-details,1,,,string,"Details of the conflict of interest including name, role and how the individual is related to the planning authority",Conflict details,,2025-06-16,,
is-existing-parking-affected,1,,,boolean,Will the proposed works affect existing car parking arrangements,Existing parking affected,,2025-06-12,,
colour,1,,,string,Colour of proposed sign,Colour,,2025-07-17,,
illumination-type,1,,,enum,Type of illumination (static or intermittent),Illumination type,,2025-07-17,,
site-boundary,1,,,wkt,"Geometry of the site of the development, typically in GeoJSON format",Site boundary,,2025-06-13,,
plan-references,n,,,string,References to plans showing the stretches of hedgerows to be removed,Plan references,,2025-07-17,,
development-phase,1,,,enum,Phases of oil and gas development the application covers,Development phase,,2025-07-02,,
proposed-unit-breakdown,n,,unit-quantities,object,Number of proposed units by bedroom count,Proposed unit breakdown,,2025-07-17,,
is-substituting-document,1,,,boolean,True or False indicating whether the amendment involves substituting documents,Substituting document,,2025-07-15,,
uprn,1,,,string,Unique Property Reference Number,UPRN,,2025-07-07,,
title,1,,,string,The title of the individual,Title,,2025-06-02,,
hazardous,1,,,number,Maximum throughput for hazardous waste (annual throughput in tonnes/litres),Hazardous,,2025-07-09,,
is-advert-in-place,1,,,boolean,Whether the advertisement is already in place,Is advert in place,,2025-07-09,,
draft-agreement-included,1,,,boolean,Has an outline or draft agreement been included? (True / False),Draft agreement included,,2025-06-26,,
max-extension-height,1,,,number,"Maximum height of the extension, measured externally from natural ground level in metres",Maximum extension height,,2025-07-14,,
owners-and-tenants,n,,notified-person,object,List of known owners and agricultural tenants,Owners and tenants,,2025-06-13,,
non-residential-change-outline,1,,,enum,"Does the proposal involve the loss, gain, or change of non-residential floorspace?",Non residential change,this is only used in outline applications where unknown is an option,2025-07-17,,
filename,1,,,string,Name of the file being uploaded useful for identifying and preserving the file,Filename,,2025-06-20,,
is-total-demolition,1,,,boolean,Indicating whether the proposal involves total demolition of a listed building,Is total demolition,,2025-06-30,,
eaves-height,1,,,number,"Height at the eaves of the extension, measured externally from natural ground level in metres",Eaves height,,2025-07-14,,
waste-streams,1,,waste-streams,object,Annual throughput for waste streams by waste type,Waste streams throughput,,2025-07-09,,
last-name,1,,,string,The last name of the individual,Last Name,,2025-06-02,,
fax-number,1,,,string,Fax number used to contact the individual,Fax number,,,,
symbol-height-max,1,,,number,"Maximum height, in metres, of any individual letters or symbols",Symbol height max,,2025-07-17,,
discharging-part-details,1,,,string,Indicate which part of the condition the application relates to,Discharging part details,,2025-07-07,,
mime-type,1,,,string,The file's MIME type such as application/pdf or image/jpeg,MIME type,,2025-06-20,,
annual-throughput,1,,,number,Maximum annual operational throughput in tonnes/litres,Annual throughput,,2025-07-09,,
closed,1,,,boolean,True or False - explicitly state when closed,Closed,"If True, open-time and close-time must be empty",2025-07-16,,
impact-on-amenity,1,,,string,"Details of the impacts on the amenity of any adjoining premises including overlooking, privacy and the loss of light including how these will be mitigated",Impact on amenity,,2025-07-14,,
additional-information,1,,,string,"Any additional information (such as hours of use of other machinery within the site-generators, pumps, etc)",Additional information,,2025-07-16,,
known-constraints,n,,,enum,A list of the known constraints affecting the site,Known constraints,,2025-06-26,,
metric-publication-date,1,,,datetime,Publication date of the biodiversity metric tool used for calculations,Metric publication date,,2025-06-16,,
flood-risk-assessment,1,,,string,Reference of the flood risk assessment document,Flood risk assessment,,2025-07-17,,
reference-number,1,,,string,Reference number of the planning permission,Reference number,,2025-06-26,,
ownership-notification,1,,,enum,"If not the sole owner, has notification been given under Article 10",Ownership notification,,2025-07-18,,
specified-use,1,,,string,A specified use if no applicable use class is available,Specified use,,2025-06-26,,
plans-documents,n,,plans-document,object,"List of plans, drawings, and supporting documents",Plans documents,,2025-07-14,,2026-01-14
causing-subsidence,1,,,boolean,Whether subsidence damage is being caused by the tree(s),Causing subsidence,,2025-07-01,,
old-drawing-reference,1,,,string,Reference of the old drawing being replaced,Old drawing reference,,2025-06-26,,
habitat-loss-after-2020,1,,,boolean,Indicates whether there has been degradation of onsite habitat(s) after 30 Jan 2020,Habitat loss after 2020,,2025-06-16,,
value,1,,,number,Numeric value representing a measurement or quantity,Value,,2025-06-26,,
data-provided-by,1,,,enum,Who provided the data: Applicant or System/Service?,Data provided by,opens possibility for services to work it out and not rely on the applicant to know,2025-07-17,,
hazardous-substance-other,1,,,string,The specific name of the hazardous substance if other is selected,Hazardous substance other,,2025-07-09,,
last-use-end-date,1,,,datetime,Date the last use ended (YYYY-MM-DD format),Last use end date,,2025-08-18,,
total-rooms-proposed,1,,,number,Total rooms proposed (including change of use),Total rooms proposed,Must be 0 or positive,2025-07-17,,
hazardous-sub-consent-details,1,,,string,Details of hazardous substance consent requirements,Hazardous substance consent details,,2025-07-09,,
modules,n,,,string,List of required modules for this application that can be used to validate the application,Modules,,2025-06-20,,
hours-of-operation,n,,hours-of-operation,object,List the hours of operation by non-residential use,Hours of operation,,2025-07-16,,
demolition-volume,1,,,number,Volume of part to be demolished in cubic metres,Demolition volume,,2025-06-30,,
tenure-type,1,,,enum,Category of housing tenure,Tenure type,,2025-07-17,,
tpo-provided-by,1,,,enum,How was the list of TPO references generated - by the applicant or system/service,TPO provided by,,2025-06-30,,
advert-end-date,1,,,datetime,The end of the time period that consent to advertisement is sought,Advert end date,,2025-07-07,,
addresses,n,,address,object,A list of addresses for the adjoining properties,Addresses,,2025-07-07,,
development-description,1,,,string,"Brief description of the development, including main oils, gases, and machinery",Development description,,2025-07-02,,
oilgas-permission-types,n,,,enum,List of permission types being applied for,Oil and gas permission types,,2025-09-09,,
was-use-granted-by-pdr,1,,,boolean,"Was the current use of the building granted by permitted development rights? If True, application cannot proceed.",Use granted by permitted development right,,2025-07-15,,
discharged-by,1,,,string,Reference to the decision record that discharged the condition,Discharged by,,2026-01-09,,
inspection-address,1,,,string,Full postal address where supporting material can be inspected,Inspection address,Should this be the address-text field,2025-01-10,,
application-sub-type,1,,,enum,Further classification of the application type for specific variations within the main application type,Application sub type,,2025-06-20,,
total-capacity,1,,,number,Total capacity of void in cubic metres (or tonnes/litres),Total capacity,,2025-07-09,,
air-traffic-defence-impacts,1,,,string,"Details of any air traffic and defence asset impacts, including how these will be mitigated",Air traffic defence impacts,,2025-07-14,,
applicants,n,,applicant,object,,Applicants,,,,
environmental-statement,1,,,boolean,Is an Environmental Statement attached to the application,Environmental statement,,2025-07-02,,
tree-removal,1,,,boolean,Whether trees or hedges need to be pruned or removed,Tree removal,,2025-06-12,,
site-vacant,1,,,boolean,Is the site currently vacant,Site vacant,,2025-08-18,,
biodiversity-features-impact,1,,,enum,Where is there a likelihood of important habitats or biodiversity features being affected?,Biodiversity features impact,,2025-07-08,,
building-element-type,1,,,enum,"The part of building the materials relate to, such as walls, roofs, windows, or doors",Building element type,,2025-06-13,,
total-existing,1,,,number,Total number of existing parking spaces,Total existing,,2025-07-08,,
proposal-alter-lb-types,n,,,enum,"Select from a list of listed building alteration types, select all that apply",Proposal alteration types,,2025-06-12,,
proposed-materials,1,,,string,Description of the materials proposed for this building element as part of the development,Proposed materials,,2025-06-13,,
name,1,,,string,A name of a person,Name,,2025-06-12,,
involves-hazardous-substances,1,,,enum,Indicates if hazardous substances are involved in the proposal,Involves hazardous substances,,2025-07-09,,
building-height-exceeds-18m,1,,,boolean,Will the height of the extended building exceed 18 metres,Building height exceeds 18m,,2025-07-18,,
net-additional-rooms,1,,,number,Net additional rooms following development,Net additional rooms,Calculated as total-rooms-proposed - existing-rooms-lost,2025-07-17,,
agreement-summary,1,,,string,Summary of the agreement,Agreement summary,,2025-06-26,,
proposal-waste-management,1,,,boolean,Whether the proposal involves waste management development,Proposal waste management,,2025-07-09,,
interested-persons,n,,ldc-interested-person,object,"Details of persons with an interest in the property including their personal information, nature of interest, and notification status",Interested persons,,2025-01-17,,
existing-use,n,,existing-use,object,Structured information on the current use of the site,Existing use,,2025-06-26,,
housing-type,1,,,enum,Type of housing,Housing type,,2025-07-17,,
is-applicant-owner,1,,,boolean,Whether the applicant owns the trees affected by the proposed works,Is applicant owner,,2025-06-30,,
newspaper-name,1,,,string,Name of the newspaper where the ownership notice was published,Newspaper name,,2025-06-13,,
applicant-interest-adjoining-land,1,,,string,Description of the applicant's interest in the adjacent land,Applicant interest adjoining land,,2025-07-09,,
publication-date,1,,,datetime,Date when the ownership notice was published in the newspaper,Publication date,,2025-06-13,,
reserved-matters,n,,,enum,Identifies which reserved matters are being submitted for approval as part of this application,Reserved matters,,2025-06-12,,
units-per-bedroom-no,n,,bedroom-count,object,Number of units broken down by bedroom count,Units per bedroom number,,2025-07-17,,
proposal-existing-use-description,1,,,string,Description of the existing use before the proposed change of use,Proposal existing use description,,2025-07-17,,
use,1,,,enum,A use class or type of use,Use,"an option needs to be ""other""",2025-06-26,,
related-permissions,n,,related-permission-details,object,List of related permissions,Related permissions,Used in onshore extraction of oil and gas applications,2025-12-05,,
net-dwellings-max,1,,,number,"The maximum number of net additional dwellings proposed as part of the development, allowing for flexibility in the final housing numbers",Net dwellings maximum,,2025-06-26,,
is-psi,1,,,boolean,"For applications made on or after 1 August 2021, is the proposal for public service infrastructure development",Is public service infrastructure,,2025-06-12,,
hazardous-substance-type,1,,,enum,Reference of hazardous substance type from predefined list,Hazardous substance type,,2025-07-09,,
received-date,1,,,datetime,"Date the planning authority received the application, in YYYY-MM-DD format",Received date,,2026-01-06,,
is-within-site-constraints,1,,,boolean,Is the dwellinghouse within any restricted area,Within site constraints,,2025-07-10,,
permission-obtained,1,,,boolean,True or False indicating whether permission of the owner for the display of an advertisement has been obtained,Permission obtained,,2025-07-08,,
conflict-to-declare,1,,,boolean,Indicates whether any named applicant or agent has a relationship to the planning authority that must be declared,Conflict to declare,,2025-06-16,,
units,1,,,number,The number of units of that bedroom count,Units,,2025-07-17,,
species,1,,,string,The species of the tree,Species,,2025-06-30,,
company,1,,,string,The name of a company (that the agent works for),Company,,2025-06-02,,
produce-foul-sewage,1,,,boolean,Whether the proposed development will produce any foul sewage,Produce foul sewage,,2025-07-09,,
proposed-height,1,,,number,Height once the additional storeys have been added in metres,Proposed height,,2025-07-14,,
other-contact,1,,other-contact,object,Details of specifically named contact for site visits,Other site visit contact,,2025-06-12,,
listed-building,1,,,string,Listed building reference for cross-referencing with listed building records,Listed building,,2025-01-05,,
is-extension-beyond-rear-wall,1,,,boolean,Will the extension extend beyond the rear wall of the original dwelling,Extension beyond rear wall,,2025-07-10,,
amount,1,,,number,The total amount due for the application fee,Amount,,2025-06-20,,
officer-name,1,,,string,Name of the planning officer who provided the pre-application advice,Officer name,,2025-06-12,,
description,1,,,string,"A text description providing details about the subject. For parking changes, this describes how the proposed works affect existing car parking arrangements.",Description,,2025-06-12,,
checksum,1,,,string,Hash of the file contents used for file validation and checking files have not been tampered with,Checksum,,2025-06-20,,
floorspace,1,,,number,Total floorspace for a use in square metres,Floorspace,,2025-06-26,,
reason-not-informed,1,,,string,Reason why a person was not informed of the application,Reason not informed,,2025-01-17,,
pre-development-biodiversity-value,1,,,number,Calculated biodiversity value in Habitat Biodiversity Units,Pre development biodiversity value,,2025-06-16,,
person,1,,person,object,Detail to help identify a person,Person,,2025-06-02,,
permission-period-years,1,,,number,Period of permission sought in years,Permission period years,,2025-07-02,,
net-change,1,,,number,Calculated net change in units,Net change,,2025-07-17,,
uses,n,,use,object,List of applicable uses for a site or development,Uses,,2025-06-26,,
planning-officer-recommendation,1,,,string,"Recommendation made by the planning officer prior to the decision, such as approve, refuse, defer, or approve with conditions",Planning officer recommendation,This should probably be of datatype enum,2026-01-06,,
listed-building-grade,1,,,enum,"The grade of the listed building, selected from the listed-building-grade codelist or ""don't know""",Listed building grade,,2025-01-05,,
extension-depth,1,,,number,"How far the extension extends beyond the rear wall, measured externally in metres",Extension depth,,2025-07-14,,
amount-paid,1,,,number,The amount paid towards the application fee,Amount paid,,2025-06-20,,
grounds-for-application,1,,,string,"Reason(s) why Certificate of Lawfulness of Proposed Works should be granted,
including explanation of why listed building consent is not required
",Grounds for application,,2025-07-16,,
contact-priority,1,,,enum,The priority of a number,Contact priority,,2025-05-30,,
pre-development-date,1,,,datetime,"Date of pre-development biodiversity value calculation, must align with application or justified earlier date",Pre development date,,2025-06-16,,
description-list,1,,,string,Description or list of materials/details that are being submitted for approval,Description list,,2025-07-08,,
is-floorspace-lost-known,1,,,boolean,Whether the amount of floorspace to be lost is known,Is floorspace lost known,,2025-08-28,,
designations,n,,,enum,List of designated areas that apply to the site,Designations,,2025-01-02,,
height,1,,,number,"Height, in metres, of dimensions of advertisement",Height,in metres,2025-07-17,,
applicant-owns-land,1,,,boolean,True or False indicating whether the applicant owns the land where the advertisement will be displayed,Applicant owns land,,2025-07-08,,
flood-risk-area,1,,,boolean,Is the site within an area at risk of flooding?,Flood risk area,,2025-07-17,,
unknown-proposed,1,,,Boolean,If proposed parking spaces is unknown,Unknown proposed,,2025-07-08,,
advice-from-authority,1,,,string,Any advice provided on-site by a Local Planning Authority (LPA) officer,Advice from authority,,2025-07-01,,
will-consolidate-permissions,1,,,boolean,Is the applicant looking to consolidate permissions?,Will consolidate permissions,,2025-09-09,,
has-related-applications,1,,,boolean,"Are there any related applications, previous proposals or demolitions for the site",Has related applications,,2025-07-08,,
principal-part-only,1,,,boolean,Will the additional storeys be constructed only on the principal part of the building,Principal part only,,2025-07-18,,
advice-summary,1,,,string,Summary of the pre-application advice received from the planning authority,Advice summary,,2025-06-12,,
existing-materials,1,,,string,Description of the materials currently used for this building element,Existing materials,,2025-06-13,,
grounds-pre-2024,n,,,enum,List of grounds pre 2024-04-25 under which the certificate is sought,Grounds pre 2024,,2025-07-10,,
connect-to-drainage-system,1,,,boolean,Whether the proposal needs to connect to the existing drainage system,Connect to drainage system,,2025-07-09,,
hours-not-known,1,,,boolean,Applicant states they do not know the hours of operation,Hours not known,,2025-07-16,,
trees-on-site,1,,,boolean,Whether trees or hedges are present on the proposed development site,Trees on site,,2025-06-12,,
has-new-disposal-arrangements,1,,,boolean,Does the proposal include any new foul sewage disposal arrangments,Has new disposal arrangements,,2025-07-17,,
site-area,1,,site-area,object,The total area of the site where development is proposed,Site area,,2025-06-26,,
employment-impact,1,,,string,Summary of net employment change (gain/loss),Employment impact,,2025-07-08,,
materials-not-known,1,,,boolean,Indicates the materials for this building element are not yet known,Materials not known,,2025-06-13,,
proposal-completed,1,,,boolean,Has any work on the proposal already been completed,Proposal completed,,2025-06-12,,
replacement-documents,n,,replacement-document,object,List of documents being replaced in the amendment with old and new document references,Replacement documents,,2025-07-15,,
decision-date,1,,,string,"The date when the decision was made, in YYYY-MM-DD format",Decision date,,2025-06-12,,
file-size,1,,,number,Size of the file in bytes that can be used to enforce limits,File size,,2025-06-20,,
interest-declaration,1,,,enum,The applicant's interest or ownership in the hedgerow,Interest declaration,,2025-07-17,,
part-built-date,1,,,datetime,"The approximate date the part to be removed was built, in YYYY-MM format.",Part built date,Approximate dates are allowed,2025-06-30,,
waste-management-facility-type,1,,,enum,Type of waste management facility,Waste management facility type,,2025-07-09,,
related-applications,n,,related-application-details,object,"List of related applications, previous proposals or demolitions for the site",Related applications,,2025-07-08,,
increases-flood-risk,1,,,boolean,Whether the development increases flood risk,Increases flood risk,,2025-07-17,,
total-gross-proposed,1,,,number,"Total gross internal floorspace proposed, in sqm",Total gross proposed,,2025-07-17,,
units-unknown,1,,,boolean,Whether the number of units is unknown,Units unknown,,2025-07-17,,
supporting-documents,n,,supporting-document,object,References to supporting documents that have been uploaded with the application,Supporting documents,,2025-06-13,,
parking-space-type,1,,,enum,Type of parking space or vehicle type,Parking space type,,2025-07-08,,
ceiling-height-exceeds-3m,1,,,boolean,Will the internal floor-to-ceiling height of any additional storey exceed 3 metres,Ceiling height exceeds 3m,,2025-07-18,,
applicant-interest,1,,,string,Description of the applicant's interest in the land,Applicant interest,,2025-07-09,,
not-applicable,1,,,boolean,Whether the facility is not applicable,Not applicable,,2025-07-09,,
is-dwelling-detached,1,,,boolean,Is the dwelling detached,Dwelling detached,,2025-07-10,,
condition-change,1,,,string,State how the condition should vary,Condition change,,2025-07-08,,
non-residential-use,n,,non-residential-use,object,"The amount of non-residential use, which can be expressed as floorspace, site area, or both",Non-residential use,,2025-06-26,,
applicant-land-interest,1,,,boolean,Does the applicant have an interest in the land,Applicant land interest,,2025-07-18,,
needs-waste-storage-area,1,,,boolean,Does the proposal require a waste storage area,Needs waste storage area,,2025-07-08,,
separate-recycling-arrangements,1,,,boolean,Does the proposal include separate recycling arrangements,Separate recycling arrangements,,2025-07-08,,
is-householder-development,1,,,boolean,Is the development to an existing dwelling-house or development within its curtilage (true/false),Is householder development,,2025-06-26,,
ldc-need,n,,,enum,What is the lawful development certificate needed for?,LDC need,At least one value must be provided,2025-07-17,,
is-discharging-part,1,,,boolean,Is applicant trying to discharge part of condition?,Is discharging part,,2025-07-07,,
development-start-date,1,,,datetime,Date when development started,Development start date,,2025-06-26,,
condition-numbers,n,,,integer,List of condition numbers related to this application,Condition numbers,,2025-06-26,,
grounds-post-2024,n,,,enum,List of grounds post 2024-04-25 under which the certificate is sought,Grounds post 2024,,2025-07-10,,
pre-loss-biodiversity-value,1,,,number,"Biodiversity value immediately before habitat loss or degradation occurred, measured in Habitat Biodiversity Units",Pre loss biodiversity value,,2025-06-16,,
is-site-in-restricted-area,1,,,boolean,"Is any part of the land or site located in a restricted area? If True, application cannot proceed.",Site in restricted area,,2025-07-15,,
needs-waste-storage-area-outline,1,,,enum,Does the proposal require a waste storage area?,Needs waste storage area,Unknown is allowed in Outline applications,2025-07-08,,
residential-unit-summary,n,,residential-unit-summary,object,Breakdown of unit counts by tenure and housing type,Residential unit summary,,2025-07-17,,
site-constraints,n,,,enum,List of specific site constraints that restrict development,Site constraints,,2025-07-10,,
use-details,1,,,string,Further detail of the use,Use details,,2025-07-09,,
interruption-details,1,,,string,Details of any interruption to the existing use including dates and circumstances,Interruption details,,2025-07-15,,
dwellinghouse-use,1,,,boolean,Will the extended dwelling remain as a Class C3 dwellinghouse or ancillary use,Dwellinghouse use,,2025-07-18,,
phone-numbers,n,,phone-number,object,One or more telephone numbers to contact individual,Phone number(s),,,,
contact-details,1,,contact-details,object,A structured object containing contact information for an individual. This component is required for planning in principle (PiP) applications and optional for other application types. Contains email and phone contact information.,Contact details,,2025-06-02,,
drainage-system-details,1,,,string,Details of the drawings/plans that show the existing drainage system,Drainage system details,,2025-07-09,,
is-total-rooms-proposed-known,1,,,boolean,Whether the total rooms proposed is known,Is total rooms proposed known,,2025-08-28,,
hedgerow-less-than-30-years,1,,,boolean,Is the hedgerow less than 30 years old?,Hedgerow less than 30 years,,2025-07-17,,
environmental-statement-reference,1,,,string,Reference of the environmental statement document supplied with application,Environmental statement reference,,2025-07-02,,
proposal-description,1,,,string,"A description of what is being proposed, including the development, works, or change of use",Proposal description,,2025-06-12,,
total-proposed,1,,,number,Total number of proposed parking spaces,Total proposed,,2025-07-08,,
notice-date,1,,,datetime,Date when notice was served to an owner or tenant,Notice date,,2025-06-13,,
bng-details,1,,bng-details,object,"Comprehensive details about biodiversity net gain assessment including pre-development value, habitat loss information, and supporting documentation",Biodiversity net gain details,,2025-06-16,,
applicant-signature,1,,,string,Digital signature of the applicant,Applicant signature,,2025-06-13,,
advice-date,1,,,string,"Date when pre-application advice was received, in YYYY-MM-DD format",Advice date,,2025-06-12,,
existing-rooms-lost,1,,,number,Existing rooms to be lost by change of use,Existing rooms lost,Must be 0 or positive,2025-07-17,,
room-details,n,,room-details,object,"List of room changes for hotels, residential institutions and hostels",Room details,"Required if change to hotels, residential institutions and hostel floorspace (C1, C2, C2A use classes)",2025-07-17,,
can-be-seen-from,1,,,boolean,"Can site be seen from a public road, public footpath, bridleway or other public land",Site seen from public area,,2025-06-12,,
will-residential-units-change,1,,,boolean,"Proposal includes the gain, loss or change of use of residential units",Residential unit change,,2025-07-17,,
extension-length,1,,,number,Length of rear extension in metres,Extension length,,2025-07-10,,
advert-start-date,1,,,datetime,The start of the time period that consent to advertisement is sought,Advert start date,,2025-07-07,,
application-result,1,,,string,Provide the result of the application for a certificate of immunity,Application result,,2025-07-01,,
contact-reference,1,,,string,The reference of the applicant or agent who should be contacted for site visits,Contact reference,,2025-06-12,,
max,1,,,number,"Upper bound of non-residential use, measured in square metres for floorspace or hectares for site area",Maximum value,,2025-06-26,,
ownership-cert-option,1,,,enum,The type of ownership certificate based on ownership and tenancy status,Ownership certificate type,,2025-06-13,,
proposal-building-operations-description,1,,,string,Description of the building operations included in the proposal,Proposal building operations description,,2025-07-17,,
extension-below-terrace-roof,1,,,boolean,Will the extension result in the highest part exceeding 3.5 metres above any roof in the terrace,Extension below terrace roof,,2025-07-18,,
condition-concerns,1,,,boolean,Whether there are concerns the tree(s) are diseased or might break or fall,Condition concerns,,2025-07-01,,
is-contaminated-land,1,,,boolean,Is the site known to be contaminated?,Is contaminated land,,2025-08-18,,
requested-by,1,,,enum,Organisation code for the body that requested the condition,Requested by,,2026-01-09,,
description-of-works,1,,,string,Description of the nature of the work to be carried out on this tree,Description of works,,2025-06-30,,
was-constructed-btw-1948-2018,1,,,boolean,"Was the current building constructed between 1 July 1948 and 28 October 2018? If False, application cannot proceed.",Was constructed between 1948 and 2018,,2025-07-15,,
part-time,1,,,number,Number of part-time employees,Part-time,,2025-07-08,,
separate-recycling-arrangements-details,1,,,string,"Details of the recycling arrangements including types of materials, collection methods and storage facilities",Separate recycling arrangements details,,2025-07-08,,
irreplaceable-habitats,1,,,boolean,Indicates whether the site contains any irreplaceable habitats,Irreplaceable habitats,,2025-06-16,,
site-locations,n,,site-location,object,Details of the sites where development or works are proposed,Site locations,,2025-06-13,,
uprns,n,,,string,Unique Property Reference Numbers (UPRNs) for properties within the site boundary,UPRNs,,2025-06-13,,
separate-recycling-arrangements-outline,1,,,enum,Does the proposal include separate recycling arrangements?,Separate recycling arrangements (outline),Unknown is allowable in Outline applications,2025-07-17,,
conflict-person-name,1,,,string,Name of the individual with the conflict of interest that matches one of the names provided in applicants/agent section,Conflict person name,,2025-06-16,,
document-types,n,,,enum,List of codelist references that the document covers,Document types,,2025-06-20,,
has-additional-storeys,1,,,boolean,"Have additional storeys already been added to the original building? If True, application cannot proceed.",Additional storeys added,,2025-07-15,,
quantity-cubic-metres,1,,,number,Quantity of oil or gas involved in cubic metres,Quantity cubic metres,,2025-07-02,,
documentation-url,1,,,url,,Documentation URL,,2026-01-05,,
hydrocarbon-licence-block,1,,,string,Hydrocarbon licence block where the development is located,Hydrocarbon licence block,"Typically an identifier like ""PEDL123""",2025-07-02,,
agricultural-tenants,1,,,boolean,Are there any agricultural tenants on the land?,Agricultural tenants,,2025-06-13,,
national-req-types,n,,,string,List of the document types required for the given application type,National requirement types,,2025-06-12,,
hedgerow-length,1,,,number,"Total length, in metres, of hedgerow proposed for removal",Hedgerow length,,2025-07-17,,
has-development-started,1,,,boolean,Whether the development has already started,Has development started,,2025-06-26,,
within-20m-watercourse,1,,,boolean,Whether the development is within 20 metres of a watercourse,Within 20m watercourse,,2025-07-17,,
municipal,1,,,number,Maximum throughput for municipal waste (annual throughput in tonnes/litres),Municipal,,2025-07-09,,
falling-trees-document,1,,supporting-document,object,Details of document showing location of trees that pose a risk to the development,Falling trees document,,2025-06-12,,
phone-number,1,,phone-number,object,Contact telephone number,Phone number,,2025-06-12,,
provided-by,1,,,enum,Whether the information was provided by the applicant or calculated by the system,Provided by,,2025-06-26,,
proposal-incl-change-of-use,1,,,boolean,Does the proposal include a change of use?,Proposal incl change of use,,2025-07-17,,
tree-details,n,,tree-details,object,Details of each tree that is part of the proposal including work to be carried out,Tree details,,2025-06-30,,
is-advert-overhanging,1,,,boolean,Whether the advertisement will project over a footpath or other public highway,Is advert overhanging,,2025-07-09,,
fee,1,,fee,object,The fee payable for the application including amounts and transaction details,Fee,,2025-06-20,,
trees-on-adj-land,1,,,boolean,Whether trees or hedges on land adjacent to the proposed development site could influence the development or might be important as part of the local landscape character,Trees on adjacent land,,2025-06-12,,
existing-ceiling-height-exceeds-3m,1,,,boolean,Will the internal floor-to-ceiling height of any existing storey exceed 3 metres,Existing ceiling height exceeds 3m,,2025-07-18,,
informed-of-application,1,,,boolean,Whether the person has been informed of the application,Informed of application,,2025-01-17,,
sole-owner,1,,,boolean,Is the applicant the sole owner of the land?,Sole owner,,2025-06-13,,
is-existing-rooms-lost-known,1,,,boolean,Whether the total existing rooms that will be lost is known,Is existing rooms lost known,,2025-08-28,,
advertisements,n,,advertisement,object,Structured data about each proposed advertisement,Advertisements,,2025-07-17,,
decision,1,,,string,Outcome of the planning decision,Decision,This maybe need a codelist to constrain what can be entered,2025-12-18,,
external-support-required,1,,,boolean,Will the proposed engineering works include external support structures or extend beyond the curtilage for wall or foundation strengthening,External support required,,2025-07-18,,
parking-spaces,n,,parking-space,object,Array of parking space information by vehicle type,Parking spaces,,2025-07-08,,
use-lawful-reason,1,,,string,"Explanation of why the existing or last use is considered lawful, 
providing justification for a lawful development certificate application
",Use lawful reason,,2025-06-26,,
applicant-reference,1,,,string,Reference to match contact details to a named individual from the applicant details component,Applicant reference,,2025-06-16,,
user-role,1,,,enum,The role of the named individual. Agent or proxy,User role,,2025-06-20,,
earlier-date-reason,1,,,string,Reason for using a pre-development date that is earlier than the application submission,Earlier date reason,,2025-06-16,,
owner,n,,owner,object,Details of the owner of trees when the applicant is not the owner,Tree owner,,2025-06-30,,
application-type,1,,,enum,The type of planning application,Application type,,2025-09-09,,
planting-evidence-attached,1,,,boolean,Is evidence of the date of planting attached?,Planting evidence attached,,2025-07-17,,
temp-right-of-way,1,,,enum,Are temporary changes to rights of way needed while the site is worked,Temporary right of way changes,,2025-06-13,,
total-proposed-units,1,,,number,The total number of proposed units,Total proposed units,,2025-07-17,,
transactions,n,,,string,References to payments or financial transactions related to this application,Transactions,,2025-06-20,,
archaeological-features-impact,1,,,enum,Where is there a likelihood of features of archaeological conservation importance being affected?,Archaeological features impact,,2025-07-08,,
proposal-alter-lb,1,,,boolean,True or False if proposal includes alterations to a listed building,Proposal alter listed building,,2025-06-12,,
open-time,1,,,string,Opening time,Open time,Format: HH:MM,2025-07-16,,
proposed-employees,1,,employees,object,Counts of proposed employees,Proposed employees,,2025-07-08,,
existing-use-details,n,,existing-use-detail,object,List of existing site uses and related land areas,Existing use details,,2025-07-09,,
total-units,1,,,number,Total number of units,Total units,,2025-07-17,,
new-public-road,1,,,enum,Will new public roads be provided within the site,New public road,,2025-06-13,,
document-url,1,,,url,A url to a document,Document URL,,2026-01-05,,
is-extension-height-over-4m,1,,,boolean,Will the extension exceed 4 metres in height,Extension height over 4m,,2025-07-10,,
no-bedrooms-unknown,1,,,boolean,Set to true when counting units where bedroom number is unknown,No bedrooms unknown,,2025-07-17,,
connect-to-drainage-system-oil-gas,1,,,enum,Whether the proposal needs to connect to the existing drainage system (oil and gas applications),Connect to drainage system (oil and gas),,2026-01-15,,
is-demolishing-building-in-curtilage,1,,,boolean,True or False indicating whether the proposal involves demolition of a building in the curtilage of a listed building,Demolition building in curtilage,,2025-06-30,,
advice-sought,1,,,boolean,Whether pre-application advice has been sought from the planning authority,Pre-application advice sought,,2025-06-12,,
pip-reference,1,,,string,Reference number for the Planning in Principle (PIP) application this relates to,PIP reference,,2025-06-12,,
has-development-completed,1,,,boolean,Whether the development has been completed,Has development completed,,2025-06-26,,
is-total-capacity-known,1,,,boolean,Whether the total capacity is known,Is total capacity known,,2025-07-09,,
substance-types,n,,hazardous-substance,object,List of hazardous substances and their quantities,Substance types,,2025-07-09,,
is-proposing-demolition,1,,,boolean,The proposal includes partial or total demolition of a listed building?,Is propsing demolition,,2025-06-30,,
document-reference,n,,supporting-document,object,References to documents detailing the proposed alterations,Document reference,,2025-06-12,,
bng-exempt,1,,,boolean,Statement whether the biodiversity gain condition will apply if permission is granted. Householder applicants need to confirm the biodiversity gain condition does not apply.,Biodiversity gain exemption,,2025-06-16,,
other-details,1,,,string,Explanation if other ground is selected,Other details,,2025-07-10,,
change-right-of-way,1,,,enum,Will the proposal change public rights of way (diversion/extinguishment/creation),Change to right of way,,2025-06-13,,
exemption-type,1,,,enum,The type of biodiversity gain exemption from the bng-exemption-type enum,Exemption type,,2025-07-15,,
proposal-started-date,1,,,datetime,"The date when work on the proposal started, in YYYY-MM-DD format",Proposal start date,,2025-06-12,,
existing-use-start-date,1,,,datetime,"Date when the existing use of the land or building commenced, in YYYY-MM-DD format",Existing use start date,,2025-07-15,,
notified-persons,n,,notified-person,object,"List of persons notified, including address and date",Notified persons,,2025-07-18,,
use-other,1,,,string,"Specify use if use is ""other""",Use other,"Required if use is ""other""",2025-07-16,,
waste-management-outline,n,,waste-management-outline,object,List of waste management facilities involved in the proposal. Specifically for outline applications,Waste management,,2025-07-14,,
bng-condition-applies,1,,,boolean,Does the applicant believe the Biodiversity Gain Condition applies to this application,Biodiversity gain condition applies,,2025-06-16,,
roof-height-exceeds-3-5m,1,,,boolean,Will the roof exceed 3.5 metres above the highest part of the existing roof,Roof height exceeds 3.5m,,2025-07-18,,
planning-application,1,,,string,Reference for the associated planning application,Planning application,,2025-12-18,,
operation-type,1,,,enum,Whether the proposed use is temporary or permanent,Operation type,,2025-07-17,,
signature-date,1,,,datetime,Date when the ownership certificate was signed,Signature date,,2025-06-13,,2026-01-26
postcode,1,,,string,The postal code,Postcode,,2025-06-02,,
advertisement-count,1,,,number,Number of this type of advertisement,Advertisement count,,2025-07-08,,
day-type,1,,,enum,Day or type of day,Day type,,2025-07-16,,
new-altered-pedestrian,1,,,enum,Is a new or altered pedestrian access proposed to/from the public highway,New or altered pedestrian access,,2025-06-13,,
materials,1,,,string,Materials of proposed sign,Materials,,2025-07-17,,
is-annual-throughput-known,1,,,boolean,Whether the annual throughput is known,Is annual throughput known,,2025-07-09,,
owner-details,n,,ldc-owner-details,object,Details of property owners including their personal information and notification status,Owner details,,2025-01-17,,
decision-maker,1,,,enum,"Person or body that made the decision, such as an officer, committee, Mayor, Secretary of State, or Planning Inspectorate inspector",Decision maker,,2026-01-06,,
first-name,1,,,string,The first name of the individual,First Name,,2025-06-02,,
unit-type,1,,,enum,"Unit for capacity/throughput (e.g. cubic metres, tonnes, litres)",Unit type,,2025-10-08,,
difference-in-spaces,1,,,number,Net change in parking spaces (proposed minus existing),Difference in spaces,,2025-07-08,,
latitude,1,,,number,Latitude coordinate in WGS84 (EPSG:4326),Latitude,,2025-06-13,,
is-disposal-required,1,,,boolean,Does the proposal involve the disposal of trade effluents or waste (true/false),Disposal required,,2025-06-26,,
number,1,,,string,A phone number,Phone number,,,,
site-area-provided-by,1,,,enum,Who provided the site area value,Site area provided by,,2025-07-02,,
floorspace-details-outline,n,,floorspace-details-outline,object,List of non-residential floorspace changes by use class.,Floorspace details,This field is used solely for outline applications,2025-07-17,,
organisation,1,,,enum,"Identifier of the organisation e.g. identifier for planning authority, Planning Inspectorate, or MHCLG",Organisation,,2026-01-06,,
existing-gross-floorspace,1,,,number,"Existing gross internal floorspace, in sqm",Existing gross floorspace,,2025-07-17,,
documents,n,,document,object,List of submitted documents with references and details,Documents,,2025-06-20,,
