issue_number,issue_url,label_name,label_description,label_colour,label_url,fetched_at
397,https://github.com/digital-land/planning-application-data-specification/issues/397,suggestion,,93F01E,https://api.github.com/repos/digital-land/planning-application-data-specification/labels/suggestion,2026-04-01T05:44:27+00:00
397,https://github.com/digital-land/planning-application-data-specification/issues/397,Backlog,Parked issues are active issues that are unlikely to be resolved for the initial draft,CD5005,https://api.github.com/repos/digital-land/planning-application-data-specification/labels/Backlog,2026-04-01T05:44:27+00:00
397,https://github.com/digital-land/planning-application-data-specification/issues/397,Policy,,D89782,https://api.github.com/repos/digital-land/planning-application-data-specification/labels/Policy,2026-04-01T05:44:27+00:00
397,https://github.com/digital-land/planning-application-data-specification/issues/397,Submissions,,e9186f,https://api.github.com/repos/digital-land/planning-application-data-specification/labels/Submissions,2026-04-01T05:44:27+00:00
396,https://github.com/digital-land/planning-application-data-specification/issues/396,suggestion,,93F01E,https://api.github.com/repos/digital-land/planning-application-data-specification/labels/suggestion,2026-04-01T05:44:27+00:00
396,https://github.com/digital-land/planning-application-data-specification/issues/396,Backlog,Parked issues are active issues that are unlikely to be resolved for the initial draft,CD5005,https://api.github.com/repos/digital-land/planning-application-data-specification/labels/Backlog,2026-04-01T05:44:27+00:00
396,https://github.com/digital-land/planning-application-data-specification/issues/396,Policy,,D89782,https://api.github.com/repos/digital-land/planning-application-data-specification/labels/Policy,2026-04-01T05:44:27+00:00
396,https://github.com/digital-land/planning-application-data-specification/issues/396,Submissions,,e9186f,https://api.github.com/repos/digital-land/planning-application-data-specification/labels/Submissions,2026-04-01T05:44:27+00:00
395,https://github.com/digital-land/planning-application-data-specification/issues/395,suggestion,,93F01E,https://api.github.com/repos/digital-land/planning-application-data-specification/labels/suggestion,2026-04-01T05:44:27+00:00
395,https://github.com/digital-land/planning-application-data-specification/issues/395,Backlog,Parked issues are active issues that are unlikely to be resolved for the initial draft,CD5005,https://api.github.com/repos/digital-land/planning-application-data-specification/labels/Backlog,2026-04-01T05:44:27+00:00
395,https://github.com/digital-land/planning-application-data-specification/issues/395,Policy,,D89782,https://api.github.com/repos/digital-land/planning-application-data-specification/labels/Policy,2026-04-01T05:44:27+00:00
395,https://github.com/digital-land/planning-application-data-specification/issues/395,Submissions,,e9186f,https://api.github.com/repos/digital-land/planning-application-data-specification/labels/Submissions,2026-04-01T05:44:27+00:00
394,https://github.com/digital-land/planning-application-data-specification/issues/394,suggestion,,93F01E,https://api.github.com/repos/digital-land/planning-application-data-specification/labels/suggestion,2026-04-01T05:44:27+00:00
394,https://github.com/digital-land/planning-application-data-specification/issues/394,Backlog,Parked issues are active issues that are unlikely to be resolved for the initial draft,CD5005,https://api.github.com/repos/digital-land/planning-application-data-specification/labels/Backlog,2026-04-01T05:44:27+00:00
394,https://github.com/digital-land/planning-application-data-specification/issues/394,Policy,,D89782,https://api.github.com/repos/digital-land/planning-application-data-specification/labels/Policy,2026-04-01T05:44:27+00:00
393,https://github.com/digital-land/planning-application-data-specification/issues/393,community help wanted,Extra attention from the community is needed,008672,https://api.github.com/repos/digital-land/planning-application-data-specification/labels/community%20help%20wanted,2026-04-01T05:44:27+00:00
393,https://github.com/digital-land/planning-application-data-specification/issues/393,Decision data,,c4fdd3,https://api.github.com/repos/digital-land/planning-application-data-specification/labels/Decision%20data,2026-04-01T05:44:27+00:00
392,https://github.com/digital-land/planning-application-data-specification/issues/392,community help wanted,Extra attention from the community is needed,008672,https://api.github.com/repos/digital-land/planning-application-data-specification/labels/community%20help%20wanted,2026-04-01T05:44:27+00:00
392,https://github.com/digital-land/planning-application-data-specification/issues/392,model,,1A61A6,https://api.github.com/repos/digital-land/planning-application-data-specification/labels/model,2026-04-01T05:44:27+00:00
392,https://github.com/digital-land/planning-application-data-specification/issues/392,enhancement,Improving what we already have,a2eeef,https://api.github.com/repos/digital-land/planning-application-data-specification/labels/enhancement,2026-04-01T05:44:27+00:00
392,https://github.com/digital-land/planning-application-data-specification/issues/392,Submissions,,e9186f,https://api.github.com/repos/digital-land/planning-application-data-specification/labels/Submissions,2026-04-01T05:44:27+00:00
392,https://github.com/digital-land/planning-application-data-specification/issues/392,Implementation,,5fc86a,https://api.github.com/repos/digital-land/planning-application-data-specification/labels/Implementation,2026-04-01T05:44:27+00:00
392,https://github.com/digital-land/planning-application-data-specification/issues/392,Data modelling,,d06618,https://api.github.com/repos/digital-land/planning-application-data-specification/labels/Data%20modelling,2026-04-01T05:44:27+00:00
390,https://github.com/digital-land/planning-application-data-specification/issues/390,suggestion,,93F01E,https://api.github.com/repos/digital-land/planning-application-data-specification/labels/suggestion,2026-04-01T05:44:27+00:00
389,https://github.com/digital-land/planning-application-data-specification/issues/389,Integration,,b6aa55,https://api.github.com/repos/digital-land/planning-application-data-specification/labels/Integration,2026-04-01T05:44:27+00:00
388,https://github.com/digital-land/planning-application-data-specification/issues/388,model,,1A61A6,https://api.github.com/repos/digital-land/planning-application-data-specification/labels/model,2026-04-01T05:44:27+00:00
388,https://github.com/digital-land/planning-application-data-specification/issues/388,Submissions,,e9186f,https://api.github.com/repos/digital-land/planning-application-data-specification/labels/Submissions,2026-04-01T05:44:27+00:00
388,https://github.com/digital-land/planning-application-data-specification/issues/388,Implementation,,5fc86a,https://api.github.com/repos/digital-land/planning-application-data-specification/labels/Implementation,2026-04-01T05:44:27+00:00
388,https://github.com/digital-land/planning-application-data-specification/issues/388,Planning permission board,For all tickets on planning permission board,dc3bf6,https://api.github.com/repos/digital-land/planning-application-data-specification/labels/Planning%20permission%20board,2026-04-01T05:44:27+00:00
386,https://github.com/digital-land/planning-application-data-specification/issues/386,community help wanted,Extra attention from the community is needed,008672,https://api.github.com/repos/digital-land/planning-application-data-specification/labels/community%20help%20wanted,2026-04-01T05:44:27+00:00
386,https://github.com/digital-land/planning-application-data-specification/issues/386,Decision data,,c4fdd3,https://api.github.com/repos/digital-land/planning-application-data-specification/labels/Decision%20data,2026-04-01T05:44:27+00:00
386,https://github.com/digital-land/planning-application-data-specification/issues/386,Integration,,b6aa55,https://api.github.com/repos/digital-land/planning-application-data-specification/labels/Integration,2026-04-01T05:44:27+00:00
385,https://github.com/digital-land/planning-application-data-specification/issues/385,Submissions,,e9186f,https://api.github.com/repos/digital-land/planning-application-data-specification/labels/Submissions,2026-04-01T05:44:27+00:00
385,https://github.com/digital-land/planning-application-data-specification/issues/385,Implementation,,5fc86a,https://api.github.com/repos/digital-land/planning-application-data-specification/labels/Implementation,2026-04-01T05:44:27+00:00
385,https://github.com/digital-land/planning-application-data-specification/issues/385,Planning permission board,For all tickets on planning permission board,dc3bf6,https://api.github.com/repos/digital-land/planning-application-data-specification/labels/Planning%20permission%20board,2026-04-01T05:44:27+00:00
360,https://github.com/digital-land/planning-application-data-specification/issues/360,Policy,,D89782,https://api.github.com/repos/digital-land/planning-application-data-specification/labels/Policy,2026-04-01T05:44:27+00:00
360,https://github.com/digital-land/planning-application-data-specification/issues/360,Implementation,,5fc86a,https://api.github.com/repos/digital-land/planning-application-data-specification/labels/Implementation,2026-04-01T05:44:27+00:00
360,https://github.com/digital-land/planning-application-data-specification/issues/360,Planning permission board,For all tickets on planning permission board,dc3bf6,https://api.github.com/repos/digital-land/planning-application-data-specification/labels/Planning%20permission%20board,2026-04-01T05:44:27+00:00
360,https://github.com/digital-land/planning-application-data-specification/issues/360,to-check,,232198,https://api.github.com/repos/digital-land/planning-application-data-specification/labels/to-check,2026-04-01T05:44:27+00:00
358,https://github.com/digital-land/planning-application-data-specification/issues/358,Policy,,D89782,https://api.github.com/repos/digital-land/planning-application-data-specification/labels/Policy,2026-04-01T05:44:27+00:00
358,https://github.com/digital-land/planning-application-data-specification/issues/358,Implementation,,5fc86a,https://api.github.com/repos/digital-land/planning-application-data-specification/labels/Implementation,2026-04-01T05:44:27+00:00
358,https://github.com/digital-land/planning-application-data-specification/issues/358,Planning permission board,For all tickets on planning permission board,dc3bf6,https://api.github.com/repos/digital-land/planning-application-data-specification/labels/Planning%20permission%20board,2026-04-01T05:44:27+00:00
358,https://github.com/digital-land/planning-application-data-specification/issues/358,to-check,,232198,https://api.github.com/repos/digital-land/planning-application-data-specification/labels/to-check,2026-04-01T05:44:27+00:00
355,https://github.com/digital-land/planning-application-data-specification/issues/355,Backlog,Parked issues are active issues that are unlikely to be resolved for the initial draft,CD5005,https://api.github.com/repos/digital-land/planning-application-data-specification/labels/Backlog,2026-04-01T05:44:27+00:00
355,https://github.com/digital-land/planning-application-data-specification/issues/355,Policy,,D89782,https://api.github.com/repos/digital-land/planning-application-data-specification/labels/Policy,2026-04-01T05:44:27+00:00
355,https://github.com/digital-land/planning-application-data-specification/issues/355,Community,Relates to the community,246ca3,https://api.github.com/repos/digital-land/planning-application-data-specification/labels/Community,2026-04-01T05:44:27+00:00
355,https://github.com/digital-land/planning-application-data-specification/issues/355,Submissions,,e9186f,https://api.github.com/repos/digital-land/planning-application-data-specification/labels/Submissions,2026-04-01T05:44:27+00:00
352,https://github.com/digital-land/planning-application-data-specification/issues/352,model,,1A61A6,https://api.github.com/repos/digital-land/planning-application-data-specification/labels/model,2026-04-01T05:44:27+00:00
352,https://github.com/digital-land/planning-application-data-specification/issues/352,Submissions,,e9186f,https://api.github.com/repos/digital-land/planning-application-data-specification/labels/Submissions,2026-04-01T05:44:27+00:00
352,https://github.com/digital-land/planning-application-data-specification/issues/352,Implementation,,5fc86a,https://api.github.com/repos/digital-land/planning-application-data-specification/labels/Implementation,2026-04-01T05:44:27+00:00
352,https://github.com/digital-land/planning-application-data-specification/issues/352,Planning permission board,For all tickets on planning permission board,dc3bf6,https://api.github.com/repos/digital-land/planning-application-data-specification/labels/Planning%20permission%20board,2026-04-01T05:44:27+00:00
350,https://github.com/digital-land/planning-application-data-specification/issues/350,Policy,,D89782,https://api.github.com/repos/digital-land/planning-application-data-specification/labels/Policy,2026-04-01T05:44:27+00:00
350,https://github.com/digital-land/planning-application-data-specification/issues/350,Submissions,,e9186f,https://api.github.com/repos/digital-land/planning-application-data-specification/labels/Submissions,2026-04-01T05:44:27+00:00
350,https://github.com/digital-land/planning-application-data-specification/issues/350,Implementation,,5fc86a,https://api.github.com/repos/digital-land/planning-application-data-specification/labels/Implementation,2026-04-01T05:44:27+00:00
350,https://github.com/digital-land/planning-application-data-specification/issues/350,Data modelling,,d06618,https://api.github.com/repos/digital-land/planning-application-data-specification/labels/Data%20modelling,2026-04-01T05:44:27+00:00
350,https://github.com/digital-land/planning-application-data-specification/issues/350,to-check,,232198,https://api.github.com/repos/digital-land/planning-application-data-specification/labels/to-check,2026-04-01T05:44:27+00:00
344,https://github.com/digital-land/planning-application-data-specification/issues/344,suggestion,,93F01E,https://api.github.com/repos/digital-land/planning-application-data-specification/labels/suggestion,2026-04-01T05:44:27+00:00
344,https://github.com/digital-land/planning-application-data-specification/issues/344,Backlog,Parked issues are active issues that are unlikely to be resolved for the initial draft,CD5005,https://api.github.com/repos/digital-land/planning-application-data-specification/labels/Backlog,2026-04-01T05:44:27+00:00
344,https://github.com/digital-land/planning-application-data-specification/issues/344,Submissions,,e9186f,https://api.github.com/repos/digital-land/planning-application-data-specification/labels/Submissions,2026-04-01T05:44:27+00:00
344,https://github.com/digital-land/planning-application-data-specification/issues/344,Improvement,,9e2d80,https://api.github.com/repos/digital-land/planning-application-data-specification/labels/Improvement,2026-04-01T05:44:27+00:00
344,https://github.com/digital-land/planning-application-data-specification/issues/344,Data modelling,,d06618,https://api.github.com/repos/digital-land/planning-application-data-specification/labels/Data%20modelling,2026-04-01T05:44:27+00:00
335,https://github.com/digital-land/planning-application-data-specification/issues/335,Backlog,Parked issues are active issues that are unlikely to be resolved for the initial draft,CD5005,https://api.github.com/repos/digital-land/planning-application-data-specification/labels/Backlog,2026-04-01T05:44:27+00:00
335,https://github.com/digital-land/planning-application-data-specification/issues/335,Technical,,e257f7,https://api.github.com/repos/digital-land/planning-application-data-specification/labels/Technical,2026-04-01T05:44:27+00:00
335,https://github.com/digital-land/planning-application-data-specification/issues/335,enhancement,Improving what we already have,a2eeef,https://api.github.com/repos/digital-land/planning-application-data-specification/labels/enhancement,2026-04-01T05:44:27+00:00
335,https://github.com/digital-land/planning-application-data-specification/issues/335,Integration,,b6aa55,https://api.github.com/repos/digital-land/planning-application-data-specification/labels/Integration,2026-04-01T05:44:27+00:00
335,https://github.com/digital-land/planning-application-data-specification/issues/335,Planning permission board,For all tickets on planning permission board,dc3bf6,https://api.github.com/repos/digital-land/planning-application-data-specification/labels/Planning%20permission%20board,2026-04-01T05:44:27+00:00
330,https://github.com/digital-land/planning-application-data-specification/issues/330,Community,Relates to the community,246ca3,https://api.github.com/repos/digital-land/planning-application-data-specification/labels/Community,2026-04-01T05:44:27+00:00
330,https://github.com/digital-land/planning-application-data-specification/issues/330,Decision data,,c4fdd3,https://api.github.com/repos/digital-land/planning-application-data-specification/labels/Decision%20data,2026-04-01T05:44:27+00:00
328,https://github.com/digital-land/planning-application-data-specification/issues/328,application-type,Questions and issues about application types,0075ca,https://api.github.com/repos/digital-land/planning-application-data-specification/labels/application-type,2026-04-01T05:44:27+00:00
328,https://github.com/digital-land/planning-application-data-specification/issues/328,Backlog,Parked issues are active issues that are unlikely to be resolved for the initial draft,CD5005,https://api.github.com/repos/digital-land/planning-application-data-specification/labels/Backlog,2026-04-01T05:44:27+00:00
328,https://github.com/digital-land/planning-application-data-specification/issues/328,Improvement,,9e2d80,https://api.github.com/repos/digital-land/planning-application-data-specification/labels/Improvement,2026-04-01T05:44:27+00:00
321,https://github.com/digital-land/planning-application-data-specification/issues/321,suggestion,,93F01E,https://api.github.com/repos/digital-land/planning-application-data-specification/labels/suggestion,2026-04-01T05:44:27+00:00
321,https://github.com/digital-land/planning-application-data-specification/issues/321,Backlog,Parked issues are active issues that are unlikely to be resolved for the initial draft,CD5005,https://api.github.com/repos/digital-land/planning-application-data-specification/labels/Backlog,2026-04-01T05:44:27+00:00
321,https://github.com/digital-land/planning-application-data-specification/issues/321,new-module,,AEDDA7,https://api.github.com/repos/digital-land/planning-application-data-specification/labels/new-module,2026-04-01T05:44:27+00:00
321,https://github.com/digital-land/planning-application-data-specification/issues/321,Submissions,,e9186f,https://api.github.com/repos/digital-land/planning-application-data-specification/labels/Submissions,2026-04-01T05:44:27+00:00
321,https://github.com/digital-land/planning-application-data-specification/issues/321,Improvement,,9e2d80,https://api.github.com/repos/digital-land/planning-application-data-specification/labels/Improvement,2026-04-01T05:44:27+00:00
320,https://github.com/digital-land/planning-application-data-specification/issues/320,application-type,Questions and issues about application types,0075ca,https://api.github.com/repos/digital-land/planning-application-data-specification/labels/application-type,2026-04-01T05:44:27+00:00
320,https://github.com/digital-land/planning-application-data-specification/issues/320,suggestion,,93F01E,https://api.github.com/repos/digital-land/planning-application-data-specification/labels/suggestion,2026-04-01T05:44:27+00:00
320,https://github.com/digital-land/planning-application-data-specification/issues/320,Backlog,Parked issues are active issues that are unlikely to be resolved for the initial draft,CD5005,https://api.github.com/repos/digital-land/planning-application-data-specification/labels/Backlog,2026-04-01T05:44:27+00:00
320,https://github.com/digital-land/planning-application-data-specification/issues/320,Improvement,,9e2d80,https://api.github.com/repos/digital-land/planning-application-data-specification/labels/Improvement,2026-04-01T05:44:27+00:00
318,https://github.com/digital-land/planning-application-data-specification/issues/318,codelist/enum,,21D6D8,https://api.github.com/repos/digital-land/planning-application-data-specification/labels/codelist/enum,2026-04-01T05:44:27+00:00
318,https://github.com/digital-land/planning-application-data-specification/issues/318,document,,591603,https://api.github.com/repos/digital-land/planning-application-data-specification/labels/document,2026-04-01T05:44:27+00:00
318,https://github.com/digital-land/planning-application-data-specification/issues/318,Implementation,,5fc86a,https://api.github.com/repos/digital-land/planning-application-data-specification/labels/Implementation,2026-04-01T05:44:27+00:00
318,https://github.com/digital-land/planning-application-data-specification/issues/318,Planning permission board,For all tickets on planning permission board,dc3bf6,https://api.github.com/repos/digital-land/planning-application-data-specification/labels/Planning%20permission%20board,2026-04-01T05:44:27+00:00
313,https://github.com/digital-land/planning-application-data-specification/issues/313,Backlog,Parked issues are active issues that are unlikely to be resolved for the initial draft,CD5005,https://api.github.com/repos/digital-land/planning-application-data-specification/labels/Backlog,2026-04-01T05:44:27+00:00
313,https://github.com/digital-land/planning-application-data-specification/issues/313,description of your proposal,,e4e669,https://api.github.com/repos/digital-land/planning-application-data-specification/labels/description%20of%20your%20proposal,2026-04-01T05:44:27+00:00
313,https://github.com/digital-land/planning-application-data-specification/issues/313,Improvement,,9e2d80,https://api.github.com/repos/digital-land/planning-application-data-specification/labels/Improvement,2026-04-01T05:44:27+00:00
312,https://github.com/digital-land/planning-application-data-specification/issues/312,component:pre-application advice,Labelling the specific section (or component) this issue relates to,e4e669,https://api.github.com/repos/digital-land/planning-application-data-specification/labels/component:pre-application%20advice,2026-04-01T05:44:27+00:00
312,https://github.com/digital-land/planning-application-data-specification/issues/312,component: checklist,,e4e669,https://api.github.com/repos/digital-land/planning-application-data-specification/labels/component:%20checklist,2026-04-01T05:44:27+00:00
312,https://github.com/digital-land/planning-application-data-specification/issues/312,Backlog,Parked issues are active issues that are unlikely to be resolved for the initial draft,CD5005,https://api.github.com/repos/digital-land/planning-application-data-specification/labels/Backlog,2026-04-01T05:44:27+00:00
311,https://github.com/digital-land/planning-application-data-specification/issues/311,component:pre-application advice,Labelling the specific section (or component) this issue relates to,e4e669,https://api.github.com/repos/digital-land/planning-application-data-specification/labels/component:pre-application%20advice,2026-04-01T05:44:27+00:00
311,https://github.com/digital-land/planning-application-data-specification/issues/311,suggestion,,93F01E,https://api.github.com/repos/digital-land/planning-application-data-specification/labels/suggestion,2026-04-01T05:44:27+00:00
311,https://github.com/digital-land/planning-application-data-specification/issues/311,Backlog,Parked issues are active issues that are unlikely to be resolved for the initial draft,CD5005,https://api.github.com/repos/digital-land/planning-application-data-specification/labels/Backlog,2026-04-01T05:44:27+00:00
311,https://github.com/digital-land/planning-application-data-specification/issues/311,Policy,,D89782,https://api.github.com/repos/digital-land/planning-application-data-specification/labels/Policy,2026-04-01T05:44:27+00:00
311,https://github.com/digital-land/planning-application-data-specification/issues/311,model,,1A61A6,https://api.github.com/repos/digital-land/planning-application-data-specification/labels/model,2026-04-01T05:44:27+00:00
310,https://github.com/digital-land/planning-application-data-specification/issues/310,community help wanted,Extra attention from the community is needed,008672,https://api.github.com/repos/digital-land/planning-application-data-specification/labels/community%20help%20wanted,2026-04-01T05:44:27+00:00
310,https://github.com/digital-land/planning-application-data-specification/issues/310,component:applicant name and address,,e4e669,https://api.github.com/repos/digital-land/planning-application-data-specification/labels/component:applicant%20name%20and%20address,2026-04-01T05:44:27+00:00
310,https://github.com/digital-land/planning-application-data-specification/issues/310,component:agent name and address,,e4e669,https://api.github.com/repos/digital-land/planning-application-data-specification/labels/component:agent%20name%20and%20address,2026-04-01T05:44:27+00:00
310,https://github.com/digital-land/planning-application-data-specification/issues/310,component: agent contact details,,e4e669,https://api.github.com/repos/digital-land/planning-application-data-specification/labels/component:%20agent%20contact%20details,2026-04-01T05:44:27+00:00
310,https://github.com/digital-land/planning-application-data-specification/issues/310,component: applicant contact details,,e4e669,https://api.github.com/repos/digital-land/planning-application-data-specification/labels/component:%20applicant%20contact%20details,2026-04-01T05:44:27+00:00
310,https://github.com/digital-land/planning-application-data-specification/issues/310,Backlog,Parked issues are active issues that are unlikely to be resolved for the initial draft,CD5005,https://api.github.com/repos/digital-land/planning-application-data-specification/labels/Backlog,2026-04-01T05:44:27+00:00
309,https://github.com/digital-land/planning-application-data-specification/issues/309,component: checklist,,e4e669,https://api.github.com/repos/digital-land/planning-application-data-specification/labels/component:%20checklist,2026-04-01T05:44:27+00:00
309,https://github.com/digital-land/planning-application-data-specification/issues/309,Backlog,Parked issues are active issues that are unlikely to be resolved for the initial draft,CD5005,https://api.github.com/repos/digital-land/planning-application-data-specification/labels/Backlog,2026-04-01T05:44:27+00:00
309,https://github.com/digital-land/planning-application-data-specification/issues/309,Policy,,D89782,https://api.github.com/repos/digital-land/planning-application-data-specification/labels/Policy,2026-04-01T05:44:27+00:00
309,https://github.com/digital-land/planning-application-data-specification/issues/309,Rationalisation,,2FD472,https://api.github.com/repos/digital-land/planning-application-data-specification/labels/Rationalisation,2026-04-01T05:44:27+00:00
307,https://github.com/digital-land/planning-application-data-specification/issues/307,community help wanted,Extra attention from the community is needed,008672,https://api.github.com/repos/digital-land/planning-application-data-specification/labels/community%20help%20wanted,2026-04-01T05:44:27+00:00
307,https://github.com/digital-land/planning-application-data-specification/issues/307,address,,591603,https://api.github.com/repos/digital-land/planning-application-data-specification/labels/address,2026-04-01T05:44:27+00:00
307,https://github.com/digital-land/planning-application-data-specification/issues/307,model,,1A61A6,https://api.github.com/repos/digital-land/planning-application-data-specification/labels/model,2026-04-01T05:44:27+00:00
307,https://github.com/digital-land/planning-application-data-specification/issues/307,Submissions,,e9186f,https://api.github.com/repos/digital-land/planning-application-data-specification/labels/Submissions,2026-04-01T05:44:27+00:00
307,https://github.com/digital-land/planning-application-data-specification/issues/307,Implementation,,5fc86a,https://api.github.com/repos/digital-land/planning-application-data-specification/labels/Implementation,2026-04-01T05:44:27+00:00
306,https://github.com/digital-land/planning-application-data-specification/issues/306,component:site address details,Re Site locations material,e4e669,https://api.github.com/repos/digital-land/planning-application-data-specification/labels/component:site%20address%20details,2026-04-01T05:44:27+00:00
306,https://github.com/digital-land/planning-application-data-specification/issues/306,Backlog,Parked issues are active issues that are unlikely to be resolved for the initial draft,CD5005,https://api.github.com/repos/digital-land/planning-application-data-specification/labels/Backlog,2026-04-01T05:44:27+00:00
306,https://github.com/digital-land/planning-application-data-specification/issues/306,validation,,D5B529,https://api.github.com/repos/digital-land/planning-application-data-specification/labels/validation,2026-04-01T05:44:27+00:00
303,https://github.com/digital-land/planning-application-data-specification/issues/303,component:biodiversity net gain,,e4e669,https://api.github.com/repos/digital-land/planning-application-data-specification/labels/component:biodiversity%20net%20gain,2026-04-01T05:44:27+00:00
303,https://github.com/digital-land/planning-application-data-specification/issues/303,Backlog,Parked issues are active issues that are unlikely to be resolved for the initial draft,CD5005,https://api.github.com/repos/digital-land/planning-application-data-specification/labels/Backlog,2026-04-01T05:44:27+00:00
303,https://github.com/digital-land/planning-application-data-specification/issues/303,component: res units,,e4e669,https://api.github.com/repos/digital-land/planning-application-data-specification/labels/component:%20res%20units,2026-04-01T05:44:27+00:00
303,https://github.com/digital-land/planning-application-data-specification/issues/303,validation,,D5B529,https://api.github.com/repos/digital-land/planning-application-data-specification/labels/validation,2026-04-01T05:44:27+00:00
301,https://github.com/digital-land/planning-application-data-specification/issues/301,Backlog,Parked issues are active issues that are unlikely to be resolved for the initial draft,CD5005,https://api.github.com/repos/digital-land/planning-application-data-specification/labels/Backlog,2026-04-01T05:44:27+00:00
301,https://github.com/digital-land/planning-application-data-specification/issues/301,model,,1A61A6,https://api.github.com/repos/digital-land/planning-application-data-specification/labels/model,2026-04-01T05:44:27+00:00
301,https://github.com/digital-land/planning-application-data-specification/issues/301,new-module,,AEDDA7,https://api.github.com/repos/digital-land/planning-application-data-specification/labels/new-module,2026-04-01T05:44:27+00:00
301,https://github.com/digital-land/planning-application-data-specification/issues/301,Improvement,,9e2d80,https://api.github.com/repos/digital-land/planning-application-data-specification/labels/Improvement,2026-04-01T05:44:27+00:00
300,https://github.com/digital-land/planning-application-data-specification/issues/300,spec-alignment,,d4c5f9,https://api.github.com/repos/digital-land/planning-application-data-specification/labels/spec-alignment,2026-04-01T05:44:27+00:00
300,https://github.com/digital-land/planning-application-data-specification/issues/300,Backlog,Parked issues are active issues that are unlikely to be resolved for the initial draft,CD5005,https://api.github.com/repos/digital-land/planning-application-data-specification/labels/Backlog,2026-04-01T05:44:27+00:00
300,https://github.com/digital-land/planning-application-data-specification/issues/300,Policy,,D89782,https://api.github.com/repos/digital-land/planning-application-data-specification/labels/Policy,2026-04-01T05:44:27+00:00
300,https://github.com/digital-land/planning-application-data-specification/issues/300,component: waste and storage,,e4e669,https://api.github.com/repos/digital-land/planning-application-data-specification/labels/component:%20waste%20and%20storage,2026-04-01T05:44:27+00:00
298,https://github.com/digital-land/planning-application-data-specification/issues/298,component:non-res floorspace,,e4e669,https://api.github.com/repos/digital-land/planning-application-data-specification/labels/component:non-res%20floorspace,2026-04-01T05:44:27+00:00
298,https://github.com/digital-land/planning-application-data-specification/issues/298,Backlog,Parked issues are active issues that are unlikely to be resolved for the initial draft,CD5005,https://api.github.com/repos/digital-land/planning-application-data-specification/labels/Backlog,2026-04-01T05:44:27+00:00
298,https://github.com/digital-land/planning-application-data-specification/issues/298,model,,1A61A6,https://api.github.com/repos/digital-land/planning-application-data-specification/labels/model,2026-04-01T05:44:27+00:00
298,https://github.com/digital-land/planning-application-data-specification/issues/298,new-module,,AEDDA7,https://api.github.com/repos/digital-land/planning-application-data-specification/labels/new-module,2026-04-01T05:44:27+00:00
297,https://github.com/digital-land/planning-application-data-specification/issues/297,component:non-res floorspace,,e4e669,https://api.github.com/repos/digital-land/planning-application-data-specification/labels/component:non-res%20floorspace,2026-04-01T05:44:27+00:00
297,https://github.com/digital-land/planning-application-data-specification/issues/297,spec-alignment,,d4c5f9,https://api.github.com/repos/digital-land/planning-application-data-specification/labels/spec-alignment,2026-04-01T05:44:27+00:00
297,https://github.com/digital-land/planning-application-data-specification/issues/297,Backlog,Parked issues are active issues that are unlikely to be resolved for the initial draft,CD5005,https://api.github.com/repos/digital-land/planning-application-data-specification/labels/Backlog,2026-04-01T05:44:27+00:00
296,https://github.com/digital-land/planning-application-data-specification/issues/296,codelist/enum,,21D6D8,https://api.github.com/repos/digital-land/planning-application-data-specification/labels/codelist/enum,2026-04-01T05:44:27+00:00
296,https://github.com/digital-land/planning-application-data-specification/issues/296,spec-alignment,,d4c5f9,https://api.github.com/repos/digital-land/planning-application-data-specification/labels/spec-alignment,2026-04-01T05:44:27+00:00
296,https://github.com/digital-land/planning-application-data-specification/issues/296,component: res units,,e4e669,https://api.github.com/repos/digital-land/planning-application-data-specification/labels/component:%20res%20units,2026-04-01T05:44:27+00:00
293,https://github.com/digital-land/planning-application-data-specification/issues/293,community help wanted,Extra attention from the community is needed,008672,https://api.github.com/repos/digital-land/planning-application-data-specification/labels/community%20help%20wanted,2026-04-01T05:44:27+00:00
293,https://github.com/digital-land/planning-application-data-specification/issues/293,component:non-res floorspace,,e4e669,https://api.github.com/repos/digital-land/planning-application-data-specification/labels/component:non-res%20floorspace,2026-04-01T05:44:27+00:00
293,https://github.com/digital-land/planning-application-data-specification/issues/293,Backlog,Parked issues are active issues that are unlikely to be resolved for the initial draft,CD5005,https://api.github.com/repos/digital-land/planning-application-data-specification/labels/Backlog,2026-04-01T05:44:27+00:00
293,https://github.com/digital-land/planning-application-data-specification/issues/293,Policy,,D89782,https://api.github.com/repos/digital-land/planning-application-data-specification/labels/Policy,2026-04-01T05:44:27+00:00
291,https://github.com/digital-land/planning-application-data-specification/issues/291,suggestion,,93F01E,https://api.github.com/repos/digital-land/planning-application-data-specification/labels/suggestion,2026-04-01T05:44:27+00:00
291,https://github.com/digital-land/planning-application-data-specification/issues/291,component:bio geo conservation,,e4e669,https://api.github.com/repos/digital-land/planning-application-data-specification/labels/component:bio%20geo%20conservation,2026-04-01T05:44:27+00:00
291,https://github.com/digital-land/planning-application-data-specification/issues/291,Backlog,Parked issues are active issues that are unlikely to be resolved for the initial draft,CD5005,https://api.github.com/repos/digital-land/planning-application-data-specification/labels/Backlog,2026-04-01T05:44:27+00:00
291,https://github.com/digital-land/planning-application-data-specification/issues/291,Rationalisation,,2FD472,https://api.github.com/repos/digital-land/planning-application-data-specification/labels/Rationalisation,2026-04-01T05:44:27+00:00
288,https://github.com/digital-land/planning-application-data-specification/issues/288,Backlog,Parked issues are active issues that are unlikely to be resolved for the initial draft,CD5005,https://api.github.com/repos/digital-land/planning-application-data-specification/labels/Backlog,2026-04-01T05:44:27+00:00
288,https://github.com/digital-land/planning-application-data-specification/issues/288,component: employment,,e4e669,https://api.github.com/repos/digital-land/planning-application-data-specification/labels/component:%20employment,2026-04-01T05:44:27+00:00
287,https://github.com/digital-land/planning-application-data-specification/issues/287,component:materials,Re Materials component,e4e669,https://api.github.com/repos/digital-land/planning-application-data-specification/labels/component:materials,2026-04-01T05:44:27+00:00
287,https://github.com/digital-land/planning-application-data-specification/issues/287,Backlog,Parked issues are active issues that are unlikely to be resolved for the initial draft,CD5005,https://api.github.com/repos/digital-land/planning-application-data-specification/labels/Backlog,2026-04-01T05:44:27+00:00
287,https://github.com/digital-land/planning-application-data-specification/issues/287,Rationalisation,,2FD472,https://api.github.com/repos/digital-land/planning-application-data-specification/labels/Rationalisation,2026-04-01T05:44:27+00:00
284,https://github.com/digital-land/planning-application-data-specification/issues/284,Backlog,Parked issues are active issues that are unlikely to be resolved for the initial draft,CD5005,https://api.github.com/repos/digital-land/planning-application-data-specification/labels/Backlog,2026-04-01T05:44:27+00:00
284,https://github.com/digital-land/planning-application-data-specification/issues/284,model,,1A61A6,https://api.github.com/repos/digital-land/planning-application-data-specification/labels/model,2026-04-01T05:44:27+00:00
284,https://github.com/digital-land/planning-application-data-specification/issues/284,component: res units,,e4e669,https://api.github.com/repos/digital-land/planning-application-data-specification/labels/component:%20res%20units,2026-04-01T05:44:27+00:00
283,https://github.com/digital-land/planning-application-data-specification/issues/283,component:assessment of flood risk,,e4e669,https://api.github.com/repos/digital-land/planning-application-data-specification/labels/component:assessment%20of%20flood%20risk,2026-04-01T05:44:27+00:00
283,https://github.com/digital-land/planning-application-data-specification/issues/283,Backlog,Parked issues are active issues that are unlikely to be resolved for the initial draft,CD5005,https://api.github.com/repos/digital-land/planning-application-data-specification/labels/Backlog,2026-04-01T05:44:27+00:00
283,https://github.com/digital-land/planning-application-data-specification/issues/283,Rationalisation,,2FD472,https://api.github.com/repos/digital-land/planning-application-data-specification/labels/Rationalisation,2026-04-01T05:44:27+00:00
282,https://github.com/digital-land/planning-application-data-specification/issues/282,Backlog,Parked issues are active issues that are unlikely to be resolved for the initial draft,CD5005,https://api.github.com/repos/digital-land/planning-application-data-specification/labels/Backlog,2026-04-01T05:44:27+00:00
282,https://github.com/digital-land/planning-application-data-specification/issues/282,Rationalisation,,2FD472,https://api.github.com/repos/digital-land/planning-application-data-specification/labels/Rationalisation,2026-04-01T05:44:27+00:00
282,https://github.com/digital-land/planning-application-data-specification/issues/282,component: foul sewage,,e4e669,https://api.github.com/repos/digital-land/planning-application-data-specification/labels/component:%20foul%20sewage,2026-04-01T05:44:27+00:00
281,https://github.com/digital-land/planning-application-data-specification/issues/281,suggestion,,93F01E,https://api.github.com/repos/digital-land/planning-application-data-specification/labels/suggestion,2026-04-01T05:44:27+00:00
281,https://github.com/digital-land/planning-application-data-specification/issues/281,Backlog,Parked issues are active issues that are unlikely to be resolved for the initial draft,CD5005,https://api.github.com/repos/digital-land/planning-application-data-specification/labels/Backlog,2026-04-01T05:44:27+00:00
281,https://github.com/digital-land/planning-application-data-specification/issues/281,component: waste and storage,,e4e669,https://api.github.com/repos/digital-land/planning-application-data-specification/labels/component:%20waste%20and%20storage,2026-04-01T05:44:27+00:00
281,https://github.com/digital-land/planning-application-data-specification/issues/281,Rationalisation,,2FD472,https://api.github.com/repos/digital-land/planning-application-data-specification/labels/Rationalisation,2026-04-01T05:44:27+00:00
278,https://github.com/digital-land/planning-application-data-specification/issues/278,suggestion,,93F01E,https://api.github.com/repos/digital-land/planning-application-data-specification/labels/suggestion,2026-04-01T05:44:27+00:00
278,https://github.com/digital-land/planning-application-data-specification/issues/278,Backlog,Parked issues are active issues that are unlikely to be resolved for the initial draft,CD5005,https://api.github.com/repos/digital-land/planning-application-data-specification/labels/Backlog,2026-04-01T05:44:27+00:00
278,https://github.com/digital-land/planning-application-data-specification/issues/278,Rationalisation,,2FD472,https://api.github.com/repos/digital-land/planning-application-data-specification/labels/Rationalisation,2026-04-01T05:44:27+00:00
278,https://github.com/digital-land/planning-application-data-specification/issues/278,component: trade effluent,,e4e669,https://api.github.com/repos/digital-land/planning-application-data-specification/labels/component:%20trade%20effluent,2026-04-01T05:44:27+00:00
276,https://github.com/digital-land/planning-application-data-specification/issues/276,suggestion,,93F01E,https://api.github.com/repos/digital-land/planning-application-data-specification/labels/suggestion,2026-04-01T05:44:27+00:00
276,https://github.com/digital-land/planning-application-data-specification/issues/276,Backlog,Parked issues are active issues that are unlikely to be resolved for the initial draft,CD5005,https://api.github.com/repos/digital-land/planning-application-data-specification/labels/Backlog,2026-04-01T05:44:27+00:00
276,https://github.com/digital-land/planning-application-data-specification/issues/276,model,,1A61A6,https://api.github.com/repos/digital-land/planning-application-data-specification/labels/model,2026-04-01T05:44:27+00:00
276,https://github.com/digital-land/planning-application-data-specification/issues/276,component: site area,,e4e669,https://api.github.com/repos/digital-land/planning-application-data-specification/labels/component:%20site%20area,2026-04-01T05:44:27+00:00
275,https://github.com/digital-land/planning-application-data-specification/issues/275,component,,e4e669,https://api.github.com/repos/digital-land/planning-application-data-specification/labels/component,2026-04-01T05:44:27+00:00
275,https://github.com/digital-land/planning-application-data-specification/issues/275,Backlog,Parked issues are active issues that are unlikely to be resolved for the initial draft,CD5005,https://api.github.com/repos/digital-land/planning-application-data-specification/labels/Backlog,2026-04-01T05:44:27+00:00
275,https://github.com/digital-land/planning-application-data-specification/issues/275,Policy,,D89782,https://api.github.com/repos/digital-land/planning-application-data-specification/labels/Policy,2026-04-01T05:44:27+00:00
275,https://github.com/digital-land/planning-application-data-specification/issues/275,Rationalisation,,2FD472,https://api.github.com/repos/digital-land/planning-application-data-specification/labels/Rationalisation,2026-04-01T05:44:27+00:00
269,https://github.com/digital-land/planning-application-data-specification/issues/269,application-type,Questions and issues about application types,0075ca,https://api.github.com/repos/digital-land/planning-application-data-specification/labels/application-type,2026-04-01T05:44:27+00:00
267,https://github.com/digital-land/planning-application-data-specification/issues/267,component: checklist,,e4e669,https://api.github.com/repos/digital-land/planning-application-data-specification/labels/component:%20checklist,2026-04-01T05:44:27+00:00
267,https://github.com/digital-land/planning-application-data-specification/issues/267,Backlog,Parked issues are active issues that are unlikely to be resolved for the initial draft,CD5005,https://api.github.com/repos/digital-land/planning-application-data-specification/labels/Backlog,2026-04-01T05:44:27+00:00
267,https://github.com/digital-land/planning-application-data-specification/issues/267,model,,1A61A6,https://api.github.com/repos/digital-land/planning-application-data-specification/labels/model,2026-04-01T05:44:27+00:00
265,https://github.com/digital-land/planning-application-data-specification/issues/265,component:location of advertisement(s),,e4e669,https://api.github.com/repos/digital-land/planning-application-data-specification/labels/component:location%20of%20advertisement(s),2026-04-01T05:44:27+00:00
265,https://github.com/digital-land/planning-application-data-specification/issues/265,Backlog,Parked issues are active issues that are unlikely to be resolved for the initial draft,CD5005,https://api.github.com/repos/digital-land/planning-application-data-specification/labels/Backlog,2026-04-01T05:44:27+00:00
265,https://github.com/digital-land/planning-application-data-specification/issues/265,Policy,,D89782,https://api.github.com/repos/digital-land/planning-application-data-specification/labels/Policy,2026-04-01T05:44:27+00:00
265,https://github.com/digital-land/planning-application-data-specification/issues/265,component: details proposed adverts,,e4e669,https://api.github.com/repos/digital-land/planning-application-data-specification/labels/component:%20details%20proposed%20adverts,2026-04-01T05:44:27+00:00
262,https://github.com/digital-land/planning-application-data-specification/issues/262,to-check,,232198,https://api.github.com/repos/digital-land/planning-application-data-specification/labels/to-check,2026-04-01T05:44:27+00:00
261,https://github.com/digital-land/planning-application-data-specification/issues/261,suggestion,,93F01E,https://api.github.com/repos/digital-land/planning-application-data-specification/labels/suggestion,2026-04-01T05:44:27+00:00
261,https://github.com/digital-land/planning-application-data-specification/issues/261,Backlog,Parked issues are active issues that are unlikely to be resolved for the initial draft,CD5005,https://api.github.com/repos/digital-land/planning-application-data-specification/labels/Backlog,2026-04-01T05:44:27+00:00
261,https://github.com/digital-land/planning-application-data-specification/issues/261,new-module,,AEDDA7,https://api.github.com/repos/digital-land/planning-application-data-specification/labels/new-module,2026-04-01T05:44:27+00:00
260,https://github.com/digital-land/planning-application-data-specification/issues/260,suggestion,,93F01E,https://api.github.com/repos/digital-land/planning-application-data-specification/labels/suggestion,2026-04-01T05:44:27+00:00
260,https://github.com/digital-land/planning-application-data-specification/issues/260,component:biodiversity net gain,,e4e669,https://api.github.com/repos/digital-land/planning-application-data-specification/labels/component:biodiversity%20net%20gain,2026-04-01T05:44:27+00:00
260,https://github.com/digital-land/planning-application-data-specification/issues/260,Backlog,Parked issues are active issues that are unlikely to be resolved for the initial draft,CD5005,https://api.github.com/repos/digital-land/planning-application-data-specification/labels/Backlog,2026-04-01T05:44:27+00:00
260,https://github.com/digital-land/planning-application-data-specification/issues/260,Policy,,D89782,https://api.github.com/repos/digital-land/planning-application-data-specification/labels/Policy,2026-04-01T05:44:27+00:00
259,https://github.com/digital-land/planning-application-data-specification/issues/259,Backlog,Parked issues are active issues that are unlikely to be resolved for the initial draft,CD5005,https://api.github.com/repos/digital-land/planning-application-data-specification/labels/Backlog,2026-04-01T05:44:27+00:00
259,https://github.com/digital-land/planning-application-data-specification/issues/259,Policy,,D89782,https://api.github.com/repos/digital-land/planning-application-data-specification/labels/Policy,2026-04-01T05:44:27+00:00
258,https://github.com/digital-land/planning-application-data-specification/issues/258,suggestion,,93F01E,https://api.github.com/repos/digital-land/planning-application-data-specification/labels/suggestion,2026-04-01T05:44:27+00:00
258,https://github.com/digital-land/planning-application-data-specification/issues/258,Backlog,Parked issues are active issues that are unlikely to be resolved for the initial draft,CD5005,https://api.github.com/repos/digital-land/planning-application-data-specification/labels/Backlog,2026-04-01T05:44:27+00:00
256,https://github.com/digital-land/planning-application-data-specification/issues/256,application-type,Questions and issues about application types,0075ca,https://api.github.com/repos/digital-land/planning-application-data-specification/labels/application-type,2026-04-01T05:44:27+00:00
256,https://github.com/digital-land/planning-application-data-specification/issues/256,Backlog,Parked issues are active issues that are unlikely to be resolved for the initial draft,CD5005,https://api.github.com/repos/digital-land/planning-application-data-specification/labels/Backlog,2026-04-01T05:44:27+00:00
248,https://github.com/digital-land/planning-application-data-specification/issues/248,bug,Something isn't working,d73a4a,https://api.github.com/repos/digital-land/planning-application-data-specification/labels/bug,2026-04-01T05:44:27+00:00
238,https://github.com/digital-land/planning-application-data-specification/issues/238,component:non-res floorspace,,e4e669,https://api.github.com/repos/digital-land/planning-application-data-specification/labels/component:non-res%20floorspace,2026-04-01T05:44:27+00:00
238,https://github.com/digital-land/planning-application-data-specification/issues/238,Backlog,Parked issues are active issues that are unlikely to be resolved for the initial draft,CD5005,https://api.github.com/repos/digital-land/planning-application-data-specification/labels/Backlog,2026-04-01T05:44:27+00:00
238,https://github.com/digital-land/planning-application-data-specification/issues/238,model,,1A61A6,https://api.github.com/repos/digital-land/planning-application-data-specification/labels/model,2026-04-01T05:44:27+00:00
236,https://github.com/digital-land/planning-application-data-specification/issues/236,application-type,Questions and issues about application types,0075ca,https://api.github.com/repos/digital-land/planning-application-data-specification/labels/application-type,2026-04-01T05:44:27+00:00
236,https://github.com/digital-land/planning-application-data-specification/issues/236,community help wanted,Extra attention from the community is needed,008672,https://api.github.com/repos/digital-land/planning-application-data-specification/labels/community%20help%20wanted,2026-04-01T05:44:27+00:00
236,https://github.com/digital-land/planning-application-data-specification/issues/236,Backlog,Parked issues are active issues that are unlikely to be resolved for the initial draft,CD5005,https://api.github.com/repos/digital-land/planning-application-data-specification/labels/Backlog,2026-04-01T05:44:27+00:00
235,https://github.com/digital-land/planning-application-data-specification/issues/235,spec-alignment,,d4c5f9,https://api.github.com/repos/digital-land/planning-application-data-specification/labels/spec-alignment,2026-04-01T05:44:27+00:00
235,https://github.com/digital-land/planning-application-data-specification/issues/235,model,,1A61A6,https://api.github.com/repos/digital-land/planning-application-data-specification/labels/model,2026-04-01T05:44:27+00:00
235,https://github.com/digital-land/planning-application-data-specification/issues/235,new-module,,AEDDA7,https://api.github.com/repos/digital-land/planning-application-data-specification/labels/new-module,2026-04-01T05:44:27+00:00
232,https://github.com/digital-land/planning-application-data-specification/issues/232,Backlog,Parked issues are active issues that are unlikely to be resolved for the initial draft,CD5005,https://api.github.com/repos/digital-land/planning-application-data-specification/labels/Backlog,2026-04-01T05:44:27+00:00
232,https://github.com/digital-land/planning-application-data-specification/issues/232,Improvement,,9e2d80,https://api.github.com/repos/digital-land/planning-application-data-specification/labels/Improvement,2026-04-01T05:44:27+00:00
231,https://github.com/digital-land/planning-application-data-specification/issues/231,Backlog,Parked issues are active issues that are unlikely to be resolved for the initial draft,CD5005,https://api.github.com/repos/digital-land/planning-application-data-specification/labels/Backlog,2026-04-01T05:44:27+00:00
231,https://github.com/digital-land/planning-application-data-specification/issues/231,model,,1A61A6,https://api.github.com/repos/digital-land/planning-application-data-specification/labels/model,2026-04-01T05:44:27+00:00
231,https://github.com/digital-land/planning-application-data-specification/issues/231,enhancement,Improving what we already have,a2eeef,https://api.github.com/repos/digital-land/planning-application-data-specification/labels/enhancement,2026-04-01T05:44:27+00:00
231,https://github.com/digital-land/planning-application-data-specification/issues/231,Submissions,,e9186f,https://api.github.com/repos/digital-land/planning-application-data-specification/labels/Submissions,2026-04-01T05:44:27+00:00
231,https://github.com/digital-land/planning-application-data-specification/issues/231,Integration,,b6aa55,https://api.github.com/repos/digital-land/planning-application-data-specification/labels/Integration,2026-04-01T05:44:27+00:00
230,https://github.com/digital-land/planning-application-data-specification/issues/230,spec-alignment,,d4c5f9,https://api.github.com/repos/digital-land/planning-application-data-specification/labels/spec-alignment,2026-04-01T05:44:27+00:00
228,https://github.com/digital-land/planning-application-data-specification/issues/228,Policy,,D89782,https://api.github.com/repos/digital-land/planning-application-data-specification/labels/Policy,2026-04-01T05:44:27+00:00
228,https://github.com/digital-land/planning-application-data-specification/issues/228,model,,1A61A6,https://api.github.com/repos/digital-land/planning-application-data-specification/labels/model,2026-04-01T05:44:27+00:00
227,https://github.com/digital-land/planning-application-data-specification/issues/227,Submissions,,e9186f,https://api.github.com/repos/digital-land/planning-application-data-specification/labels/Submissions,2026-04-01T05:44:27+00:00
227,https://github.com/digital-land/planning-application-data-specification/issues/227,Implementation,,5fc86a,https://api.github.com/repos/digital-land/planning-application-data-specification/labels/Implementation,2026-04-01T05:44:27+00:00
225,https://github.com/digital-land/planning-application-data-specification/issues/225,component:location of advertisement(s),,e4e669,https://api.github.com/repos/digital-land/planning-application-data-specification/labels/component:location%20of%20advertisement(s),2026-04-01T05:44:27+00:00
225,https://github.com/digital-land/planning-application-data-specification/issues/225,suggestion,,93F01E,https://api.github.com/repos/digital-land/planning-application-data-specification/labels/suggestion,2026-04-01T05:44:27+00:00
225,https://github.com/digital-land/planning-application-data-specification/issues/225,component: Type of proposed advertisement,,e4e669,https://api.github.com/repos/digital-land/planning-application-data-specification/labels/component:%20Type%20of%20proposed%20advertisement,2026-04-01T05:44:27+00:00
225,https://github.com/digital-land/planning-application-data-specification/issues/225,Backlog,Parked issues are active issues that are unlikely to be resolved for the initial draft,CD5005,https://api.github.com/repos/digital-land/planning-application-data-specification/labels/Backlog,2026-04-01T05:44:27+00:00
225,https://github.com/digital-land/planning-application-data-specification/issues/225,component: advertisement period,,e4e669,https://api.github.com/repos/digital-land/planning-application-data-specification/labels/component:%20advertisement%20period,2026-04-01T05:44:27+00:00
225,https://github.com/digital-land/planning-application-data-specification/issues/225,component: details proposed adverts,,e4e669,https://api.github.com/repos/digital-land/planning-application-data-specification/labels/component:%20details%20proposed%20adverts,2026-04-01T05:44:27+00:00
221,https://github.com/digital-land/planning-application-data-specification/issues/221,component,,e4e669,https://api.github.com/repos/digital-land/planning-application-data-specification/labels/component,2026-04-01T05:44:27+00:00
221,https://github.com/digital-land/planning-application-data-specification/issues/221,Backlog,Parked issues are active issues that are unlikely to be resolved for the initial draft,CD5005,https://api.github.com/repos/digital-land/planning-application-data-specification/labels/Backlog,2026-04-01T05:44:27+00:00
213,https://github.com/digital-land/planning-application-data-specification/issues/213,suggestion,,93F01E,https://api.github.com/repos/digital-land/planning-application-data-specification/labels/suggestion,2026-04-01T05:44:27+00:00
213,https://github.com/digital-land/planning-application-data-specification/issues/213,Community,Relates to the community,246ca3,https://api.github.com/repos/digital-land/planning-application-data-specification/labels/Community,2026-04-01T05:44:27+00:00
211,https://github.com/digital-land/planning-application-data-specification/issues/211,component:applicant name and address,,e4e669,https://api.github.com/repos/digital-land/planning-application-data-specification/labels/component:applicant%20name%20and%20address,2026-04-01T05:44:27+00:00
211,https://github.com/digital-land/planning-application-data-specification/issues/211,component:agent name and address,,e4e669,https://api.github.com/repos/digital-land/planning-application-data-specification/labels/component:agent%20name%20and%20address,2026-04-01T05:44:27+00:00
211,https://github.com/digital-land/planning-application-data-specification/issues/211,component: agent contact details,,e4e669,https://api.github.com/repos/digital-land/planning-application-data-specification/labels/component:%20agent%20contact%20details,2026-04-01T05:44:27+00:00
211,https://github.com/digital-land/planning-application-data-specification/issues/211,component: applicant contact details,,e4e669,https://api.github.com/repos/digital-land/planning-application-data-specification/labels/component:%20applicant%20contact%20details,2026-04-01T05:44:27+00:00
211,https://github.com/digital-land/planning-application-data-specification/issues/211,Backlog,Parked issues are active issues that are unlikely to be resolved for the initial draft,CD5005,https://api.github.com/repos/digital-land/planning-application-data-specification/labels/Backlog,2026-04-01T05:44:27+00:00
159,https://github.com/digital-land/planning-application-data-specification/issues/159,component:site address details,Re Site locations material,e4e669,https://api.github.com/repos/digital-land/planning-application-data-specification/labels/component:site%20address%20details,2026-04-01T05:44:27+00:00
159,https://github.com/digital-land/planning-application-data-specification/issues/159,suggestion,,93F01E,https://api.github.com/repos/digital-land/planning-application-data-specification/labels/suggestion,2026-04-01T05:44:27+00:00
159,https://github.com/digital-land/planning-application-data-specification/issues/159,Backlog,Parked issues are active issues that are unlikely to be resolved for the initial draft,CD5005,https://api.github.com/repos/digital-land/planning-application-data-specification/labels/Backlog,2026-04-01T05:44:27+00:00
159,https://github.com/digital-land/planning-application-data-specification/issues/159,Policy,,D89782,https://api.github.com/repos/digital-land/planning-application-data-specification/labels/Policy,2026-04-01T05:44:27+00:00
157,https://github.com/digital-land/planning-application-data-specification/issues/157,community help wanted,Extra attention from the community is needed,008672,https://api.github.com/repos/digital-land/planning-application-data-specification/labels/community%20help%20wanted,2026-04-01T05:44:27+00:00
157,https://github.com/digital-land/planning-application-data-specification/issues/157,codelist/enum,,21D6D8,https://api.github.com/repos/digital-land/planning-application-data-specification/labels/codelist/enum,2026-04-01T05:44:27+00:00
157,https://github.com/digital-land/planning-application-data-specification/issues/157,Backlog,Parked issues are active issues that are unlikely to be resolved for the initial draft,CD5005,https://api.github.com/repos/digital-land/planning-application-data-specification/labels/Backlog,2026-04-01T05:44:27+00:00
150,https://github.com/digital-land/planning-application-data-specification/issues/150,suggestion,,93F01E,https://api.github.com/repos/digital-land/planning-application-data-specification/labels/suggestion,2026-04-01T05:44:27+00:00
150,https://github.com/digital-land/planning-application-data-specification/issues/150,codelist/enum,,21D6D8,https://api.github.com/repos/digital-land/planning-application-data-specification/labels/codelist/enum,2026-04-01T05:44:27+00:00
150,https://github.com/digital-land/planning-application-data-specification/issues/150,component:non-res floorspace,,e4e669,https://api.github.com/repos/digital-land/planning-application-data-specification/labels/component:non-res%20floorspace,2026-04-01T05:44:27+00:00
150,https://github.com/digital-land/planning-application-data-specification/issues/150,Backlog,Parked issues are active issues that are unlikely to be resolved for the initial draft,CD5005,https://api.github.com/repos/digital-land/planning-application-data-specification/labels/Backlog,2026-04-01T05:44:27+00:00
146,https://github.com/digital-land/planning-application-data-specification/issues/146,component:description of the proposal,,e4e669,https://api.github.com/repos/digital-land/planning-application-data-specification/labels/component:description%20of%20the%20proposal,2026-04-01T05:44:27+00:00
146,https://github.com/digital-land/planning-application-data-specification/issues/146,suggestion,,93F01E,https://api.github.com/repos/digital-land/planning-application-data-specification/labels/suggestion,2026-04-01T05:44:27+00:00
146,https://github.com/digital-land/planning-application-data-specification/issues/146,priority,,09141D,https://api.github.com/repos/digital-land/planning-application-data-specification/labels/priority,2026-04-01T05:44:27+00:00
146,https://github.com/digital-land/planning-application-data-specification/issues/146,component:development description,,e4e669,https://api.github.com/repos/digital-land/planning-application-data-specification/labels/component:development%20description,2026-04-01T05:44:27+00:00
146,https://github.com/digital-land/planning-application-data-specification/issues/146,Backlog,Parked issues are active issues that are unlikely to be resolved for the initial draft,CD5005,https://api.github.com/repos/digital-land/planning-application-data-specification/labels/Backlog,2026-04-01T05:44:27+00:00
143,https://github.com/digital-land/planning-application-data-specification/issues/143,codelist/enum,,21D6D8,https://api.github.com/repos/digital-land/planning-application-data-specification/labels/codelist/enum,2026-04-01T05:44:27+00:00
143,https://github.com/digital-land/planning-application-data-specification/issues/143,component:eligibility current building,,e4e669,https://api.github.com/repos/digital-land/planning-application-data-specification/labels/component:eligibility%20current%20building,2026-04-01T05:44:27+00:00
143,https://github.com/digital-land/planning-application-data-specification/issues/143,Backlog,Parked issues are active issues that are unlikely to be resolved for the initial draft,CD5005,https://api.github.com/repos/digital-land/planning-application-data-specification/labels/Backlog,2026-04-01T05:44:27+00:00
139,https://github.com/digital-land/planning-application-data-specification/issues/139,suggestion,,93F01E,https://api.github.com/repos/digital-land/planning-application-data-specification/labels/suggestion,2026-04-01T05:44:27+00:00
139,https://github.com/digital-land/planning-application-data-specification/issues/139,component: trees location,,e4e669,https://api.github.com/repos/digital-land/planning-application-data-specification/labels/component:%20trees%20location,2026-04-01T05:44:27+00:00
139,https://github.com/digital-land/planning-application-data-specification/issues/139,Backlog,Parked issues are active issues that are unlikely to be resolved for the initial draft,CD5005,https://api.github.com/repos/digital-land/planning-application-data-specification/labels/Backlog,2026-04-01T05:44:27+00:00
139,https://github.com/digital-land/planning-application-data-specification/issues/139,Policy,,D89782,https://api.github.com/repos/digital-land/planning-application-data-specification/labels/Policy,2026-04-01T05:44:27+00:00
135,https://github.com/digital-land/planning-application-data-specification/issues/135,component:location of advertisement(s),,e4e669,https://api.github.com/repos/digital-land/planning-application-data-specification/labels/component:location%20of%20advertisement(s),2026-04-01T05:44:27+00:00
135,https://github.com/digital-land/planning-application-data-specification/issues/135,suggestion,,93F01E,https://api.github.com/repos/digital-land/planning-application-data-specification/labels/suggestion,2026-04-01T05:44:27+00:00
135,https://github.com/digital-land/planning-application-data-specification/issues/135,component: Type of proposed advertisement,,e4e669,https://api.github.com/repos/digital-land/planning-application-data-specification/labels/component:%20Type%20of%20proposed%20advertisement,2026-04-01T05:44:27+00:00
135,https://github.com/digital-land/planning-application-data-specification/issues/135,Backlog,Parked issues are active issues that are unlikely to be resolved for the initial draft,CD5005,https://api.github.com/repos/digital-land/planning-application-data-specification/labels/Backlog,2026-04-01T05:44:27+00:00
133,https://github.com/digital-land/planning-application-data-specification/issues/133,component:immunity from listing,,e4e669,https://api.github.com/repos/digital-land/planning-application-data-specification/labels/component:immunity%20from%20listing,2026-04-01T05:44:27+00:00
133,https://github.com/digital-land/planning-application-data-specification/issues/133,suggestion,,93F01E,https://api.github.com/repos/digital-land/planning-application-data-specification/labels/suggestion,2026-04-01T05:44:27+00:00
133,https://github.com/digital-land/planning-application-data-specification/issues/133,priority,,09141D,https://api.github.com/repos/digital-land/planning-application-data-specification/labels/priority,2026-04-01T05:44:27+00:00
133,https://github.com/digital-land/planning-application-data-specification/issues/133,Backlog,Parked issues are active issues that are unlikely to be resolved for the initial draft,CD5005,https://api.github.com/repos/digital-land/planning-application-data-specification/labels/Backlog,2026-04-01T05:44:27+00:00
132,https://github.com/digital-land/planning-application-data-specification/issues/132,component: demolition,,e4e669,https://api.github.com/repos/digital-land/planning-application-data-specification/labels/component:%20demolition,2026-04-01T05:44:27+00:00
132,https://github.com/digital-land/planning-application-data-specification/issues/132,Backlog,Parked issues are active issues that are unlikely to be resolved for the initial draft,CD5005,https://api.github.com/repos/digital-land/planning-application-data-specification/labels/Backlog,2026-04-01T05:44:27+00:00
132,https://github.com/digital-land/planning-application-data-specification/issues/132,model,,1A61A6,https://api.github.com/repos/digital-land/planning-application-data-specification/labels/model,2026-04-01T05:44:27+00:00
132,https://github.com/digital-land/planning-application-data-specification/issues/132,planning-requirement,,3e4d64,https://api.github.com/repos/digital-land/planning-application-data-specification/labels/planning-requirement,2026-04-01T05:44:27+00:00
131,https://github.com/digital-land/planning-application-data-specification/issues/131,suggestion,,93F01E,https://api.github.com/repos/digital-land/planning-application-data-specification/labels/suggestion,2026-04-01T05:44:27+00:00
131,https://github.com/digital-land/planning-application-data-specification/issues/131,component: demolition,,e4e669,https://api.github.com/repos/digital-land/planning-application-data-specification/labels/component:%20demolition,2026-04-01T05:44:27+00:00
131,https://github.com/digital-land/planning-application-data-specification/issues/131,Backlog,Parked issues are active issues that are unlikely to be resolved for the initial draft,CD5005,https://api.github.com/repos/digital-land/planning-application-data-specification/labels/Backlog,2026-04-01T05:44:27+00:00
131,https://github.com/digital-land/planning-application-data-specification/issues/131,Policy,,D89782,https://api.github.com/repos/digital-land/planning-application-data-specification/labels/Policy,2026-04-01T05:44:27+00:00
128,https://github.com/digital-land/planning-application-data-specification/issues/128,community help wanted,Extra attention from the community is needed,008672,https://api.github.com/repos/digital-land/planning-application-data-specification/labels/community%20help%20wanted,2026-04-01T05:44:27+00:00
128,https://github.com/digital-land/planning-application-data-specification/issues/128,component: planning application req - checklist,,e4e669,https://api.github.com/repos/digital-land/planning-application-data-specification/labels/component:%20planning%20application%20req%20-%20checklist,2026-04-01T05:44:27+00:00
128,https://github.com/digital-land/planning-application-data-specification/issues/128,component: checklist,,e4e669,https://api.github.com/repos/digital-land/planning-application-data-specification/labels/component:%20checklist,2026-04-01T05:44:27+00:00
128,https://github.com/digital-land/planning-application-data-specification/issues/128,component: application reqs - checklist,,e4e669,https://api.github.com/repos/digital-land/planning-application-data-specification/labels/component:%20application%20reqs%20-%20checklist,2026-04-01T05:44:27+00:00
128,https://github.com/digital-land/planning-application-data-specification/issues/128,component: application for tree works - checklist,,e4e669,https://api.github.com/repos/digital-land/planning-application-data-specification/labels/component:%20application%20for%20tree%20works%20-%20checklist,2026-04-01T05:44:27+00:00
128,https://github.com/digital-land/planning-application-data-specification/issues/128,Backlog,Parked issues are active issues that are unlikely to be resolved for the initial draft,CD5005,https://api.github.com/repos/digital-land/planning-application-data-specification/labels/Backlog,2026-04-01T05:44:27+00:00
126,https://github.com/digital-land/planning-application-data-specification/issues/126,community help wanted,Extra attention from the community is needed,008672,https://api.github.com/repos/digital-land/planning-application-data-specification/labels/community%20help%20wanted,2026-04-01T05:44:27+00:00
126,https://github.com/digital-land/planning-application-data-specification/issues/126,codelist/enum,,21D6D8,https://api.github.com/repos/digital-land/planning-application-data-specification/labels/codelist/enum,2026-04-01T05:44:27+00:00
126,https://github.com/digital-land/planning-application-data-specification/issues/126,Backlog,Parked issues are active issues that are unlikely to be resolved for the initial draft,CD5005,https://api.github.com/repos/digital-land/planning-application-data-specification/labels/Backlog,2026-04-01T05:44:27+00:00
125,https://github.com/digital-land/planning-application-data-specification/issues/125,component:site address details,Re Site locations material,e4e669,https://api.github.com/repos/digital-land/planning-application-data-specification/labels/component:site%20address%20details,2026-04-01T05:44:27+00:00
125,https://github.com/digital-land/planning-application-data-specification/issues/125,suggestion,,93F01E,https://api.github.com/repos/digital-land/planning-application-data-specification/labels/suggestion,2026-04-01T05:44:27+00:00
125,https://github.com/digital-land/planning-application-data-specification/issues/125,Backlog,Parked issues are active issues that are unlikely to be resolved for the initial draft,CD5005,https://api.github.com/repos/digital-land/planning-application-data-specification/labels/Backlog,2026-04-01T05:44:27+00:00
123,https://github.com/digital-land/planning-application-data-specification/issues/123,suggestion,,93F01E,https://api.github.com/repos/digital-land/planning-application-data-specification/labels/suggestion,2026-04-01T05:44:27+00:00
123,https://github.com/digital-land/planning-application-data-specification/issues/123,component:authority employee / member,,e4e669,https://api.github.com/repos/digital-land/planning-application-data-specification/labels/component:authority%20employee%20/%20member,2026-04-01T05:44:27+00:00
123,https://github.com/digital-land/planning-application-data-specification/issues/123,person,,591603,https://api.github.com/repos/digital-land/planning-application-data-specification/labels/person,2026-04-01T05:44:27+00:00
123,https://github.com/digital-land/planning-application-data-specification/issues/123,Backlog,Parked issues are active issues that are unlikely to be resolved for the initial draft,CD5005,https://api.github.com/repos/digital-land/planning-application-data-specification/labels/Backlog,2026-04-01T05:44:27+00:00
123,https://github.com/digital-land/planning-application-data-specification/issues/123,Policy,,D89782,https://api.github.com/repos/digital-land/planning-application-data-specification/labels/Policy,2026-04-01T05:44:27+00:00
120,https://github.com/digital-land/planning-application-data-specification/issues/120,component: pedestrian and vehicle access,,e4e669,https://api.github.com/repos/digital-land/planning-application-data-specification/labels/component:%20pedestrian%20and%20vehicle%20access,2026-04-01T05:44:27+00:00
120,https://github.com/digital-land/planning-application-data-specification/issues/120,Backlog,Parked issues are active issues that are unlikely to be resolved for the initial draft,CD5005,https://api.github.com/repos/digital-land/planning-application-data-specification/labels/Backlog,2026-04-01T05:44:27+00:00
119,https://github.com/digital-land/planning-application-data-specification/issues/119,component:applicant name and address,,e4e669,https://api.github.com/repos/digital-land/planning-application-data-specification/labels/component:applicant%20name%20and%20address,2026-04-01T05:44:27+00:00
119,https://github.com/digital-land/planning-application-data-specification/issues/119,component:agent name and address,,e4e669,https://api.github.com/repos/digital-land/planning-application-data-specification/labels/component:agent%20name%20and%20address,2026-04-01T05:44:27+00:00
119,https://github.com/digital-land/planning-application-data-specification/issues/119,Backlog,Parked issues are active issues that are unlikely to be resolved for the initial draft,CD5005,https://api.github.com/repos/digital-land/planning-application-data-specification/labels/Backlog,2026-04-01T05:44:27+00:00
119,https://github.com/digital-land/planning-application-data-specification/issues/119,Policy,,D89782,https://api.github.com/repos/digital-land/planning-application-data-specification/labels/Policy,2026-04-01T05:44:27+00:00
118,https://github.com/digital-land/planning-application-data-specification/issues/118,spec-alignment,,d4c5f9,https://api.github.com/repos/digital-land/planning-application-data-specification/labels/spec-alignment,2026-04-01T05:44:27+00:00
118,https://github.com/digital-land/planning-application-data-specification/issues/118,Backlog,Parked issues are active issues that are unlikely to be resolved for the initial draft,CD5005,https://api.github.com/repos/digital-land/planning-application-data-specification/labels/Backlog,2026-04-01T05:44:27+00:00
75,https://github.com/digital-land/planning-application-data-specification/issues/75,principle,,370755,https://api.github.com/repos/digital-land/planning-application-data-specification/labels/principle,2026-04-01T05:44:27+00:00
75,https://github.com/digital-land/planning-application-data-specification/issues/75,Backlog,Parked issues are active issues that are unlikely to be resolved for the initial draft,CD5005,https://api.github.com/repos/digital-land/planning-application-data-specification/labels/Backlog,2026-04-01T05:44:27+00:00
69,https://github.com/digital-land/planning-application-data-specification/issues/69,component:site address details,Re Site locations material,e4e669,https://api.github.com/repos/digital-land/planning-application-data-specification/labels/component:site%20address%20details,2026-04-01T05:44:27+00:00
69,https://github.com/digital-land/planning-application-data-specification/issues/69,suggestion,,93F01E,https://api.github.com/repos/digital-land/planning-application-data-specification/labels/suggestion,2026-04-01T05:44:27+00:00
69,https://github.com/digital-land/planning-application-data-specification/issues/69,priority,,09141D,https://api.github.com/repos/digital-land/planning-application-data-specification/labels/priority,2026-04-01T05:44:27+00:00
69,https://github.com/digital-land/planning-application-data-specification/issues/69,Backlog,Parked issues are active issues that are unlikely to be resolved for the initial draft,CD5005,https://api.github.com/repos/digital-land/planning-application-data-specification/labels/Backlog,2026-04-01T05:44:27+00:00
18,https://github.com/digital-land/planning-application-data-specification/issues/18,component:assessment of flood risk,,e4e669,https://api.github.com/repos/digital-land/planning-application-data-specification/labels/component:assessment%20of%20flood%20risk,2026-04-01T05:44:27+00:00
18,https://github.com/digital-land/planning-application-data-specification/issues/18,Backlog,Parked issues are active issues that are unlikely to be resolved for the initial draft,CD5005,https://api.github.com/repos/digital-land/planning-application-data-specification/labels/Backlog,2026-04-01T05:44:27+00:00
16,https://github.com/digital-land/planning-application-data-specification/issues/16,component:immunity from listing,,e4e669,https://api.github.com/repos/digital-land/planning-application-data-specification/labels/component:immunity%20from%20listing,2026-04-01T05:44:27+00:00
16,https://github.com/digital-land/planning-application-data-specification/issues/16,Backlog,Parked issues are active issues that are unlikely to be resolved for the initial draft,CD5005,https://api.github.com/repos/digital-land/planning-application-data-specification/labels/Backlog,2026-04-01T05:44:27+00:00
11,https://github.com/digital-land/planning-application-data-specification/issues/11,community help wanted,Extra attention from the community is needed,008672,https://api.github.com/repos/digital-land/planning-application-data-specification/labels/community%20help%20wanted,2026-04-01T05:44:27+00:00
11,https://github.com/digital-land/planning-application-data-specification/issues/11,component:neighbour and community consultation,,e4e669,https://api.github.com/repos/digital-land/planning-application-data-specification/labels/component:neighbour%20and%20community%20consultation,2026-04-01T05:44:27+00:00
11,https://github.com/digital-land/planning-application-data-specification/issues/11,Backlog,Parked issues are active issues that are unlikely to be resolved for the initial draft,CD5005,https://api.github.com/repos/digital-land/planning-application-data-specification/labels/Backlog,2026-04-01T05:44:27+00:00
10,https://github.com/digital-land/planning-application-data-specification/issues/10,community help wanted,Extra attention from the community is needed,008672,https://api.github.com/repos/digital-land/planning-application-data-specification/labels/community%20help%20wanted,2026-04-01T05:44:27+00:00
10,https://github.com/digital-land/planning-application-data-specification/issues/10,component:neighbour and community consultation,,e4e669,https://api.github.com/repos/digital-land/planning-application-data-specification/labels/component:neighbour%20and%20community%20consultation,2026-04-01T05:44:27+00:00
10,https://github.com/digital-land/planning-application-data-specification/issues/10,Backlog,Parked issues are active issues that are unlikely to be resolved for the initial draft,CD5005,https://api.github.com/repos/digital-land/planning-application-data-specification/labels/Backlog,2026-04-01T05:44:27+00:00
8,https://github.com/digital-land/planning-application-data-specification/issues/8,component:site address details,Re Site locations material,e4e669,https://api.github.com/repos/digital-land/planning-application-data-specification/labels/component:site%20address%20details,2026-04-01T05:44:27+00:00
8,https://github.com/digital-land/planning-application-data-specification/issues/8,Backlog,Parked issues are active issues that are unlikely to be resolved for the initial draft,CD5005,https://api.github.com/repos/digital-land/planning-application-data-specification/labels/Backlog,2026-04-01T05:44:27+00:00
