reference,planning-application,document-url,documentation-url,name,replaces,public-register-status
2012_2584-doc-001,2012/2584,,https://developmentandhousing.hackney.gov.uk/planning/index.html?fa=getApplication&id=21400,DECISION NOTICE,,publish
2012_2584-doc-002,2012/2584,,https://developmentandhousing.hackney.gov.uk/planning/index.html?fa=getApplication&id=21400,SCHEDULE OF AREAS PER PLOT,,publish
2012_2584-doc-003,2012/2584,,https://developmentandhousing.hackney.gov.uk/planning/index.html?fa=getApplication&id=21400,PLANNING DESIGN AND ACCESS STATEMENT_PAGES,,publish
2012_2584-doc-004,2012/2584,,https://developmentandhousing.hackney.gov.uk/planning/index.html?fa=getApplication&id=21400,121022_LIGHT SPECIFICATIONS,,publish
2012_2584-doc-005,2012/2584,,https://developmentandhousing.hackney.gov.uk/planning/index.html?fa=getApplication&id=21400,ACCOMODATION SCHEDULE PER PLOT,,publish
2012_2584-doc-006,2012/2584,,https://developmentandhousing.hackney.gov.uk/planning/index.html?fa=getApplication&id=21400,120806_198_A_DIR_01_STAGE A_P_DRAWING ISSUE REGISTER,,publish
2012_2584-doc-007,2012/2584,,https://developmentandhousing.hackney.gov.uk/planning/index.html?fa=getApplication&id=21400,120806_SECTION MAIN ROAD,,publish
2012_2584-doc-008,2012/2584,,https://developmentandhousing.hackney.gov.uk/planning/index.html?fa=getApplication&id=21400,SECTIONS,,publish
2012_2584-doc-009,2012/2584,,https://developmentandhousing.hackney.gov.uk/planning/index.html?fa=getApplication&id=21400,SERIES SECTIONS,,publish
2012_2584-doc-010,2012/2584,,https://developmentandhousing.hackney.gov.uk/planning/index.html?fa=getApplication&id=21400,PLANNING DESIGN AND ACCESS STATEMENT_PAGES,,publish
2012_2584-doc-011,2012/2584,,https://developmentandhousing.hackney.gov.uk/planning/index.html?fa=getApplication&id=21400,ELEVATIONS,,publish
2012_2584-doc-012,2012/2584,,https://developmentandhousing.hackney.gov.uk/planning/index.html?fa=getApplication&id=21400,120806_PEDESTRIAN ROAD EAST JUNCTION,,publish
2012_2584-doc-013,2012/2584,,https://developmentandhousing.hackney.gov.uk/planning/index.html?fa=getApplication&id=21400,120806_PUBLIC REALM OVERVIEW,,publish
2012_2584-doc-014,2012/2584,,https://developmentandhousing.hackney.gov.uk/planning/index.html?fa=getApplication&id=21400,PLANNING DESIGN AND ACCESS STATEMENT_PAGES,,publish
2012_2584-doc-015,2012/2584,,https://developmentandhousing.hackney.gov.uk/planning/index.html?fa=getApplication&id=21400,DETAILS,,publish
2012_2584-doc-016,2012/2584,,https://developmentandhousing.hackney.gov.uk/planning/index.html?fa=getApplication&id=21400,LANDSCAPE DRAWINGS,,publish
2012_2584-doc-017,2012/2584,,https://developmentandhousing.hackney.gov.uk/planning/index.html?fa=getApplication&id=21400,120806_SECTIONS NEIGHBOURHOOD STREETS,,publish
2012_2584-doc-018,2012/2584,,https://developmentandhousing.hackney.gov.uk/planning/index.html?fa=getApplication&id=21400,PLANS,,publish
2012_2584-doc-019,2012/2584,,https://developmentandhousing.hackney.gov.uk/planning/index.html?fa=getApplication&id=21400,SERIES PLANS,,publish
2012_2584-doc-020,2012/2584,,https://developmentandhousing.hackney.gov.uk/planning/index.html?fa=getApplication&id=21400,APPLICATION FORM,,publish
2012_2584-doc-021,2012/2584,,https://developmentandhousing.hackney.gov.uk/planning/index.html?fa=getApplication&id=21400,120806_PEDESTRIAN ROAD WEST JUNCTION,,publish
2012_2584-doc-022,2012/2584,,https://developmentandhousing.hackney.gov.uk/planning/index.html?fa=getApplication&id=21400,CSH_PRE_ASSESSMENT_ESTIMATOR,,publish
2012_2584-doc-023,2012/2584,,https://developmentandhousing.hackney.gov.uk/planning/index.html?fa=getApplication&id=21400,120806_PHASE 2 MATERIAL OVERVIEW,,publish
2012_2584-doc-024,2012/2584,,https://developmentandhousing.hackney.gov.uk/planning/index.html?fa=getApplication&id=21400,120806_SECTIONS PEDESTRIAN STREETS,,publish
2012_2584-doc-025,2012/2584,,https://developmentandhousing.hackney.gov.uk/planning/index.html?fa=getApplication&id=21400,DAYLIGHT&& SUNLIGHT AND OVERSHADOWING REPORT,,publish
2012_2584-doc-026,2012/2584,,https://developmentandhousing.hackney.gov.uk/planning/index.html?fa=getApplication&id=21400,DRAWING ISSUE SHEET,,publish
2012_2584-doc-027,2012/2584,,https://developmentandhousing.hackney.gov.uk/planning/index.html?fa=getApplication&id=21400,OFFICER REPORT,,publish
2012_2584-doc-028,2012/2584,,https://developmentandhousing.hackney.gov.uk/planning/index.html?fa=getApplication&id=21400,PLANNING DESIGN AND ACCESS STATEMENT_PAGES,,publish
2012_2584-doc-029,2012/2584,,https://developmentandhousing.hackney.gov.uk/planning/index.html?fa=getApplication&id=21400,PLANNING DESIGN AND ACCESS STATEMENT_PAGES,,publish
2012_2584-doc-030,2012/2584,,https://developmentandhousing.hackney.gov.uk/planning/index.html?fa=getApplication&id=21400,SERIES DETAILS,,publish
2012_2584-doc-031,2012/2584,,https://developmentandhousing.hackney.gov.uk/planning/index.html?fa=getApplication&id=21400,SERIES ELEVATIONS,,publish
2012_2584-doc-032,2012/2584,,https://developmentandhousing.hackney.gov.uk/planning/index.html?fa=getApplication&id=21400,PLANNING DESIGN AND ACCESS STATEMENT_PAGES,,publish
2012_2584-doc-033,2012/2584,,https://developmentandhousing.hackney.gov.uk/planning/index.html?fa=getApplication&id=21400,120806_SECTION COURTYARD,,publish
2012_2584-doc-034,2012/2584,,https://developmentandhousing.hackney.gov.uk/planning/index.html?fa=getApplication&id=21400,PLANNING DESIGN AND ACCESS STATEMENT_PAGES,,publish
2012_2584-doc-035,2012/2584,,https://developmentandhousing.hackney.gov.uk/planning/index.html?fa=getApplication&id=21400,DESIGN AND ACCESS STATEMENT,,publish
2012_2584-doc-036,2012/2584,,https://developmentandhousing.hackney.gov.uk/planning/index.html?fa=getApplication&id=21400,SERIES DETAILS A1,,publish
2012_2584-doc-037,2012/2584,,https://developmentandhousing.hackney.gov.uk/planning/index.html?fa=getApplication&id=21400,AFFORDABLE HOUSING STATEMENT,,publish
2020_2026-document-application-form-redacted,2020/2026,,https://developmentandhousing.hackney.gov.uk/planning/index.html?fa=getApplication&id=85297,ApplicationFormRedacted,,
2020_2026-document-decision-notice,2020/2026,,https://developmentandhousing.hackney.gov.uk/planning/index.html?fa=getApplication&id=85297,Decision-Notice,,
2020_2026-document-existing-and-proposed-elevations,2020/2026,,https://developmentandhousing.hackney.gov.uk/planning/index.html?fa=getApplication&id=85297,Existing-and-Proposed-Elevations,,
2020_2026-document-existing-and-proposed-ground-floor-plan,2020/2026,,https://developmentandhousing.hackney.gov.uk/planning/index.html?fa=getApplication&id=85297,Existing-and-Proposed-Ground-Floor-Plan,,
2020_2026-document-location-plan,2020/2026,,https://developmentandhousing.hackney.gov.uk/planning/index.html?fa=getApplication&id=85297,Location-Plan,,
2023_1428-doc-001,2023/1428/P,,https://camdocs.camden.gov.uk/CMWebDrawer/PlanRec?q=recContainer:%222023/1428/P%22,ApplicationFormRedacted.pdf,,publish
2023_1428-doc-002,2023/1428/P,,https://camdocs.camden.gov.uk/CMWebDrawer/PlanRec?q=recContainer:%222023/1428/P%22,Site Location Plan(1).PDF.PDF.pdf,,publish
2023_1428-doc-003,2023/1428/P,,https://camdocs.camden.gov.uk/CMWebDrawer/PlanRec?q=recContainer:%222023/1428/P%22,The_location_plan_included_in_Block plan of the site.pdf,,publish
2023_1428-doc-004,2023/1428/P,,https://camdocs.camden.gov.uk/CMWebDrawer/PlanRec?q=recContainer:%222023/1428/P%22,Covering Letter.pdf,,publish
2023_1428-doc-005,2023/1428/P,,https://camdocs.camden.gov.uk/CMWebDrawer/PlanRec?q=recContainer:%222023/1428/P%22,Decision Notice,,publish
2025_1674-doc-001,2025/1674,,https://developmentandhousing.hackney.gov.uk/planning/index.html?fa=getApplication&id=83318,DNF-Full Planning Granted Final,,publish
2025_1674-doc-002,2025/1674,,https://developmentandhousing.hackney.gov.uk/planning/index.html?fa=getApplication&id=83318,A: S04,,publish
2025_1674-doc-003,2025/1674,,https://developmentandhousing.hackney.gov.uk/planning/index.html?fa=getApplication&id=83318,A: 202,,publish
2025_1674-doc-004,2025/1674,,https://developmentandhousing.hackney.gov.uk/planning/index.html?fa=getApplication&id=83318,AE: 202,,publish
2025_1674-doc-005,2025/1674,,https://developmentandhousing.hackney.gov.uk/planning/index.html?fa=getApplication&id=83318,Officer Report,,publish
2025_1674-doc-006,2025/1674,,https://developmentandhousing.hackney.gov.uk/planning/index.html?fa=getApplication&id=83318,A:906 1,,publish
2025_1674-doc-007,2025/1674,,https://developmentandhousing.hackney.gov.uk/planning/index.html?fa=getApplication&id=83318,A:901 1,,publish
2025_1674-doc-008,2025/1674,,https://developmentandhousing.hackney.gov.uk/planning/index.html?fa=getApplication&id=83318,A:511 1,,publish
2025_1674-doc-009,2025/1674,,https://developmentandhousing.hackney.gov.uk/planning/index.html?fa=getApplication&id=83318,A:510 1,,publish
2025_1674-doc-010,2025/1674,,https://developmentandhousing.hackney.gov.uk/planning/index.html?fa=getApplication&id=83318,A:302 1,,publish
2025_1674-doc-011,2025/1674,,https://developmentandhousing.hackney.gov.uk/planning/index.html?fa=getApplication&id=83318,A:301,,publish
2025_1674-doc-012,2025/1674,,https://developmentandhousing.hackney.gov.uk/planning/index.html?fa=getApplication&id=83318,A:B02,,publish
2025_1674-doc-013,2025/1674,,https://developmentandhousing.hackney.gov.uk/planning/index.html?fa=getApplication&id=83318,A:S03,,publish
2025_1674-doc-014,2025/1674,,https://developmentandhousing.hackney.gov.uk/planning/index.html?fa=getApplication&id=83318,A:105,,publish
2025_1674-doc-015,2025/1674,,https://developmentandhousing.hackney.gov.uk/planning/index.html?fa=getApplication&id=83318,A:106,,publish
2025_1674-doc-016,2025/1674,,https://developmentandhousing.hackney.gov.uk/planning/index.html?fa=getApplication&id=83318,A:104,,publish
2025_1674-doc-017,2025/1674,,https://developmentandhousing.hackney.gov.uk/planning/index.html?fa=getApplication&id=83318,A:103,,publish
2025_1674-doc-018,2025/1674,,https://developmentandhousing.hackney.gov.uk/planning/index.html?fa=getApplication&id=83318,A:102,,publish
2025_1674-doc-019,2025/1674,,https://developmentandhousing.hackney.gov.uk/planning/index.html?fa=getApplication&id=83318,A:107,,publish
2025_1674-doc-020,2025/1674,,https://developmentandhousing.hackney.gov.uk/planning/index.html?fa=getApplication&id=83318,77-Stoke-Newington-Church-St-Window-details,,publish
2025_1674-doc-021,2025/1674,,https://developmentandhousing.hackney.gov.uk/planning/index.html?fa=getApplication&id=83318,77 Stoke Newington Church St_Site Plan.pdf,,publish
2025_1674-doc-022,2025/1674,,https://developmentandhousing.hackney.gov.uk/planning/index.html?fa=getApplication&id=83318,77 Stoke Newington Church St_LGF Existing.pdf,,publish
2025_1674-doc-023,2025/1674,,https://developmentandhousing.hackney.gov.uk/planning/index.html?fa=getApplication&id=83318,77 Stoke Newington Church St_LGF Demolition.pdf,,publish
2025_1674-doc-024,2025/1674,,https://developmentandhousing.hackney.gov.uk/planning/index.html?fa=getApplication&id=83318,77 Stoke Newington Church St_LGF Proposed.pdf,,publish
2025_1674-doc-025,2025/1674,,https://developmentandhousing.hackney.gov.uk/planning/index.html?fa=getApplication&id=83318,77 Stoke Newington Church St_First Floor Existing.pdf,,publish
2025_1674-doc-026,2025/1674,,https://developmentandhousing.hackney.gov.uk/planning/index.html?fa=getApplication&id=83318,77 Stoke Newington Church St_First Floor Demolition.pdf,,publish
2025_1674-doc-027,2025/1674,,https://developmentandhousing.hackney.gov.uk/planning/index.html?fa=getApplication&id=83318,77 Stoke Newington Church St_Second Floor Existing.pdf,,publish
2025_1674-doc-028,2025/1674,,https://developmentandhousing.hackney.gov.uk/planning/index.html?fa=getApplication&id=83318,77 Stoke Newington Church St_Second Floor Demolition.pdf,,publish
2025_1674-doc-029,2025/1674,,https://developmentandhousing.hackney.gov.uk/planning/index.html?fa=getApplication&id=83318,77 Stoke Newington Church St_Mansard Floor Existing.pdf,,publish
2025_1674-doc-030,2025/1674,,https://developmentandhousing.hackney.gov.uk/planning/index.html?fa=getApplication&id=83318,77 Stoke Newington Church St_Mansard Floor Demolition.pdf,,publish
2025_1674-doc-031,2025/1674,,https://developmentandhousing.hackney.gov.uk/planning/index.html?fa=getApplication&id=83318,77 Stoke Newington Church St_Mansard Floor Proposed.pdf,,publish
2025_1674-doc-032,2025/1674,,https://developmentandhousing.hackney.gov.uk/planning/index.html?fa=getApplication&id=83318,77 Stoke Newington Church St_Existing Roof Plan.pdf,,publish
2025_1674-doc-033,2025/1674,,https://developmentandhousing.hackney.gov.uk/planning/index.html?fa=getApplication&id=83318,77 Stoke Newington Church St_Existing Front Elev.pdf,,publish
2025_1674-doc-034,2025/1674,,https://developmentandhousing.hackney.gov.uk/planning/index.html?fa=getApplication&id=83318,77 Stoke Newington Church St_Proposed Front Elev.pdf,,publish
2025_1674-doc-035,2025/1674,,https://developmentandhousing.hackney.gov.uk/planning/index.html?fa=getApplication&id=83318,77 Stoke Newington Church St_Existing Rear Elev.pdf,,publish
2025_1674-doc-036,2025/1674,,https://developmentandhousing.hackney.gov.uk/planning/index.html?fa=getApplication&id=83318,77 Stoke Newington Church St_Existing Sect A.pdf,,publish
2025_1674-doc-037,2025/1674,,https://developmentandhousing.hackney.gov.uk/planning/index.html?fa=getApplication&id=83318,77 Stoke Newington Church St_Proposed Sect A.pdf,,publish
2025_1674-doc-038,2025/1674,,https://developmentandhousing.hackney.gov.uk/planning/index.html?fa=getApplication&id=83318,77 Stoke Newington Church St_Existing Sect B.pdf,,publish
2025_1674-doc-039,2025/1674,,https://developmentandhousing.hackney.gov.uk/planning/index.html?fa=getApplication&id=83318,77 Stoke Newington Church St_Proposed Sect B.pdf,,publish
2025_1674-doc-040,2025/1674,,https://developmentandhousing.hackney.gov.uk/planning/index.html?fa=getApplication&id=83318,77 Stoke Newington Church St_Window Schedule 1.pdf,,publish
2025_1674-doc-041,2025/1674,,https://developmentandhousing.hackney.gov.uk/planning/index.html?fa=getApplication&id=83318,77 Stoke Newington Church St_Window Schedule 2.pdf,,publish
2025_1674-doc-042,2025/1674,,https://developmentandhousing.hackney.gov.uk/planning/index.html?fa=getApplication&id=83318,77 Stoke Newington Church St_Cornices.pdf,,publish
2025_1674-doc-043,2025/1674,,https://developmentandhousing.hackney.gov.uk/planning/index.html?fa=getApplication&id=83318,77 Church Street Draft Heritage Statement.pdf,,publish
2025_1674-doc-044,2025/1674,,https://developmentandhousing.hackney.gov.uk/planning/index.html?fa=getApplication&id=83318,77 SNCS - CL Additional Information Form 1.pdf,,publish
2025_1674-doc-045,2025/1674,,https://developmentandhousing.hackney.gov.uk/planning/index.html?fa=getApplication&id=83318,77 Stoke Newington Church St - Design Access Statement .pdf,,publish
2025_1674-doc-046,2025/1674,,https://developmentandhousing.hackney.gov.uk/planning/index.html?fa=getApplication&id=83318,SiteLocation.geojson,,publish
2025_1674-doc-047,2025/1674,,https://developmentandhousing.hackney.gov.uk/planning/index.html?fa=getApplication&id=83318,LocationPlan.pdf,,publish
2026_0692-doc-001,2026/0692,,https://developmentandhousing.hackney.gov.uk/planning/index.html?fa=getApplication&id=85205,DN-Non-Material Amendment Granted,,publish
2026_0692-doc-002,2026/0692,,https://developmentandhousing.hackney.gov.uk/planning/index.html?fa=getApplication&id=85205,Officer Report,,publish
2026_0692-doc-003,2026/0692,,https://developmentandhousing.hackney.gov.uk/planning/index.html?fa=getApplication&id=85205,77 - NMA -Location plan .pdf,,publish
2026_0692-doc-004,2026/0692,,https://developmentandhousing.hackney.gov.uk/planning/index.html?fa=getApplication&id=85205,Non-Material Amendment - Supporting Statement.pdf,,publish
2026_0692-doc-005,2026/0692,,https://developmentandhousing.hackney.gov.uk/planning/index.html?fa=getApplication&id=85205,ApplicationFormRedacted.pdf,,publish
Design Code,2011/0734,,https://developmentandhousing.hackney.gov.uk/planning/index.html?fa=getApplication&id=21998,SD2_PT2_0.0_1.0 INTRODUCTION (THE DESIGN CODE),,
doc-001,2011/0734,,https://developmentandhousing.hackney.gov.uk/planning/index.html?fa=getApplication&id=21998,SD4_PD&A5_4.3 MASTERPLAN_SCALE,,
doc-002,2011/0734,,https://developmentandhousing.hackney.gov.uk/planning/index.html?fa=getApplication&id=21998,DAYLIGHT AND SUNLIGHT REPORT,,
doc-003,2011/0734,,https://developmentandhousing.hackney.gov.uk/planning/index.html?fa=getApplication&id=21998,EXISTING TREES PROTECTION PLAN 185_A_P_100_003,,
doc-004,2011/0734,,https://developmentandhousing.hackney.gov.uk/planning/index.html?fa=getApplication&id=21998,NOISE ASSESSMENT,,
doc-005,2011/0734,,https://developmentandhousing.hackney.gov.uk/planning/index.html?fa=getApplication&id=21998,TRANSPORT ASSESSMENT,,
doc-007,2011/0734,,https://developmentandhousing.hackney.gov.uk/planning/index.html?fa=getApplication&id=21998,DECISION NOTICE,,
doc-008,2011/0734,,https://developmentandhousing.hackney.gov.uk/planning/index.html?fa=getApplication&id=21998,SECTION 106 AGREEMENT,,
doc-009,2011/0734,,https://developmentandhousing.hackney.gov.uk/planning/index.html?fa=getApplication&id=21998,APPLICATION FORM,,
doc-010,2011/0734,,https://developmentandhousing.hackney.gov.uk/planning/index.html?fa=getApplication&id=21998,EXISTING BUILDINGS AND SITE LEVELS 185_A_P_100_002,,
doc-011,2011/0734,,https://developmentandhousing.hackney.gov.uk/planning/index.html?fa=getApplication&id=21998,ILLUSTRATIVE MASTERPLAN LAYOUT - GROUND FLOOR LEVEL 185_A_P_100_SK001,,
doc-012,2011/0734,,https://developmentandhousing.hackney.gov.uk/planning/index.html?fa=getApplication&id=21998,MASTERPLAN PRINCIPLES,,
doc-013,2011/0734,,https://developmentandhousing.hackney.gov.uk/planning/index.html?fa=getApplication&id=21998,PARAMETER ELEVATION - DEVELOPMENT MIN./MAX HEIGHTS AA AND BB 185_A_P_300_001,,
doc-014,2011/0734,,https://developmentandhousing.hackney.gov.uk/planning/index.html?fa=getApplication&id=21998,PARAMETER ELEVATION - DEVELOPMENT MIN./MAX HEIGHTS CC & DD 185_A_P_300_002,,
doc-015,2011/0734,,https://developmentandhousing.hackney.gov.uk/planning/index.html?fa=getApplication&id=21998,PARAMETER ELEVATION - DEVELOPMENT MIN./MAX HEIGHTS EE & FF & GG & HH & II 185_A_P_300_003,,
doc-016,2011/0734,,https://developmentandhousing.hackney.gov.uk/planning/index.html?fa=getApplication&id=21998,PARAMETER ELEVATION - DEVELOPMENT MIN./MAX HEIGHTS JJ & KK & LL & MM & NN 185_A,,
doc-017,2011/0734,,https://developmentandhousing.hackney.gov.uk/planning/index.html?fa=getApplication&id=21998,PARAMETER PLAN AND CIRCULATION 185_A_P_100_009,,
doc-018,2011/0734,,https://developmentandhousing.hackney.gov.uk/planning/index.html?fa=getApplication&id=21998,PARAMETER PLAN COURTYARD AMENITY SPACE 185_A_P_100_008,,
doc-019,2011/0734,,https://developmentandhousing.hackney.gov.uk/planning/index.html?fa=getApplication&id=21998,PARAMETER PLAN DEVELOPMENT EDGES PREDOMINANT LAND USE @ GROUND FLOOR 185_A_P_100,,
doc-020,2011/0734,,https://developmentandhousing.hackney.gov.uk/planning/index.html?fa=getApplication&id=21998,PARAMETER PLAN DEVELOPMENT EDGES PREDOMINANT LAND USE @ TYPICAL UPPER 185_A_P_10,,
doc-021,2011/0734,,https://developmentandhousing.hackney.gov.uk/planning/index.html?fa=getApplication&id=21998,PARAMETER PLAN DEVELOPMENT ZONE CAR PARK LEVEL 185_A_P_100_005,,
doc-022,2011/0734,,https://developmentandhousing.hackney.gov.uk/planning/index.html?fa=getApplication&id=21998,PARAMETER PLAN & DEVELOPMENT ZONES & BUILDING DIMENSIONS 185_A_P_100_004,,
doc-023,2011/0734,,https://developmentandhousing.hackney.gov.uk/planning/index.html?fa=getApplication&id=21998,PARAMETER PLAN PUBLIC REALM AREAS 185_A_P_100_010,,
doc-024,2011/0734,,https://developmentandhousing.hackney.gov.uk/planning/index.html?fa=getApplication&id=21998,PEDESTRIAN PRIORITY SPACE,,
doc-025,2011/0734,,https://developmentandhousing.hackney.gov.uk/planning/index.html?fa=getApplication&id=21998,SD3_REGULATORY DRAWINGS - PT1,,
doc-026,2011/0734,,https://developmentandhousing.hackney.gov.uk/planning/index.html?fa=getApplication&id=21998,SD3_REGULATORY DRAWINGS - PT2,,
doc-027,2011/0734,,https://developmentandhousing.hackney.gov.uk/planning/index.html?fa=getApplication&id=21998,SD3_REGULATORY DRAWINGS - PT3,,
doc-028,2011/0734,,https://developmentandhousing.hackney.gov.uk/planning/index.html?fa=getApplication&id=21998,CANAL OUTLOOK_B,,
doc-029,2011/0734,,https://developmentandhousing.hackney.gov.uk/planning/index.html?fa=getApplication&id=21998,COURTYARDS,,
doc-030,2011/0734,,https://developmentandhousing.hackney.gov.uk/planning/index.html?fa=getApplication&id=21998,GREEN,,
doc-031,2011/0734,,https://developmentandhousing.hackney.gov.uk/planning/index.html?fa=getApplication&id=21998,NEIGHBOURHOOD STREET,,
doc-032,2011/0734,,https://developmentandhousing.hackney.gov.uk/planning/index.html?fa=getApplication&id=21998,SCOPE AND CONTENT OF OUTLINE PLANNING APPLICATION,,
doc-033,2011/0734,,https://developmentandhousing.hackney.gov.uk/planning/index.html?fa=getApplication&id=21998,SD13 AFFORDABLE HOUSING STATEMENT,,
doc-034,2011/0734,,https://developmentandhousing.hackney.gov.uk/planning/index.html?fa=getApplication&id=21998,SD14 - APPENDIX 01,,
doc-035,2011/0734,,https://developmentandhousing.hackney.gov.uk/planning/index.html?fa=getApplication&id=21998,SD14 - APPENDIX 02,,
doc-036,2011/0734,,https://developmentandhousing.hackney.gov.uk/planning/index.html?fa=getApplication&id=21998,SD14_ARBORICULTURAL DEVELOPMENT STATEMENT,,
doc-037,2011/0734,,https://developmentandhousing.hackney.gov.uk/planning/index.html?fa=getApplication&id=21998,SD17_SUSTAINABILITY STATEMENT - ISSUE 04,,
doc-038,2011/0734,,https://developmentandhousing.hackney.gov.uk/planning/index.html?fa=getApplication&id=21998,SD2_PT1_0.0 COVER AND CONTENTS,,
doc-039,2011/0734,,https://developmentandhousing.hackney.gov.uk/planning/index.html?fa=getApplication&id=21998,SD2_PT1_1.0 INTRODUCTION,,
doc-040,2011/0734,,https://developmentandhousing.hackney.gov.uk/planning/index.html?fa=getApplication&id=21998,SD2_PT1_3.0 THE PREFERRED FRAMEWORK OF DEVELOPMENT,,
doc-041,2011/0734,,https://developmentandhousing.hackney.gov.uk/planning/index.html?fa=getApplication&id=21998,SD2_PT1_4.0 DEVELOPMENT CONTENT - PT1,,
doc-042,2011/0734,,https://developmentandhousing.hackney.gov.uk/planning/index.html?fa=getApplication&id=21998,SD2_PT1_4.0 DEVELOPMENT CONTENT - PT2,,
doc-043,2011/0734,,https://developmentandhousing.hackney.gov.uk/planning/index.html?fa=getApplication&id=21998,SD2_PT1_5.0 REGULATORY PLANS - PT1,,
doc-044,2011/0734,,https://developmentandhousing.hackney.gov.uk/planning/index.html?fa=getApplication&id=21998,SD2_PT1_5.0 REGULATORY PLANS - PT2,,
doc-045,2011/0734,,https://developmentandhousing.hackney.gov.uk/planning/index.html?fa=getApplication&id=21998,SD2_PT1_5.0 REGULATORY PLANS - PT3,,
doc-046,2011/0734,,https://developmentandhousing.hackney.gov.uk/planning/index.html?fa=getApplication&id=21998,SD2_PT1_5.0 REGULATORY PLANS - PT4,,
doc-047,2011/0734,,https://developmentandhousing.hackney.gov.uk/planning/index.html?fa=getApplication&id=21998,SD2_PT1_6.0 ENERGY AND SUSTAINABILITY REQUIREMENTS,,
doc-048,2011/0734,,https://developmentandhousing.hackney.gov.uk/planning/index.html?fa=getApplication&id=21998,SD2_PT1_7.0 IMPLEMENTATION PARAMETERS - PT1,,
doc-049,2011/0734,,https://developmentandhousing.hackney.gov.uk/planning/index.html?fa=getApplication&id=21998,SD2_PT1_7.0 IMPLEMENTATION PARAMETERS - PT2,,
doc-050,2011/0734,,https://developmentandhousing.hackney.gov.uk/planning/index.html?fa=getApplication&id=21998,SD4_PD&A5_0.0 COVER AND CONTENTS (PLANNING & DESIGN & ACCESS STATEMENT),,
doc-051,2011/0734,,https://developmentandhousing.hackney.gov.uk/planning/index.html?fa=getApplication&id=21998,SD4_PD&A5_1.0 INTRODUCTION,,
doc-052,2011/0734,,https://developmentandhousing.hackney.gov.uk/planning/index.html?fa=getApplication&id=21998,SD4_PD&A5_2.0 SITE ASSESSMENT,,
doc-053,2011/0734,,https://developmentandhousing.hackney.gov.uk/planning/index.html?fa=getApplication&id=21998,SD4_PD&A5_3.0 MASTERPLAN DEVELOPMENT - PT1,,
doc-054,2011/0734,,https://developmentandhousing.hackney.gov.uk/planning/index.html?fa=getApplication&id=21998,SD4_PD&A5_3.0 MASTERPLAN DEVELOPMENT - PT2,,
doc-055,2011/0734,,https://developmentandhousing.hackney.gov.uk/planning/index.html?fa=getApplication&id=21998,SD4_PD&A5_4.0-4.1 ILLUSTRATIVE MASTERPLAN,,
doc-056,2011/0734,,https://developmentandhousing.hackney.gov.uk/planning/index.html?fa=getApplication&id=21998,SD4_PD&A5_4.2 MASTERPLAN_LAYOUT,,
doc-057,2011/0734,,https://developmentandhousing.hackney.gov.uk/planning/index.html?fa=getApplication&id=21998,SD4_PD&A5_4.4 LAND USE AND AMOUNT OF DEVELOPMENT,,
doc-058,2011/0734,,https://developmentandhousing.hackney.gov.uk/planning/index.html?fa=getApplication&id=21998,SD4_PD&A5_4.5 MASTERPLAN_ACCESS,,
doc-059,2011/0734,,https://developmentandhousing.hackney.gov.uk/planning/index.html?fa=getApplication&id=21998,SD4_PD&A5_4.6 MASTERPLAN ENERGY & SUSTAINABILITY,,
doc-060,2011/0734,,https://developmentandhousing.hackney.gov.uk/planning/index.html?fa=getApplication&id=21998,SD4_PD&A5_5.0 PUBLIC REALM OVERVIEW,,
doc-061,2011/0734,,https://developmentandhousing.hackney.gov.uk/planning/index.html?fa=getApplication&id=21998,SD4_PD&A5_5.2 PUBLIC REALM_CHARACTER AND MATERIALITY,,
doc-062,2011/0734,,https://developmentandhousing.hackney.gov.uk/planning/index.html?fa=getApplication&id=21998,SD4_PD&A5_5.3 PUBLIC REALM_GREENSPACE AND LANDSCAPE,,
doc-063,2011/0734,,https://developmentandhousing.hackney.gov.uk/planning/index.html?fa=getApplication&id=21998,SD4_PD&A5_6.0 SUMMARY,,
doc-064,2011/0734,,https://developmentandhousing.hackney.gov.uk/planning/index.html?fa=getApplication&id=21998,SD4_PD&A5_7.0 PLANNING STATEMENT,,
doc-065,2011/0734,,https://developmentandhousing.hackney.gov.uk/planning/index.html?fa=getApplication&id=21998,SD4_PD&A5_8.0 APPENDIX (COMMUNITY SAFETY AND SECURITY REQUIREMENTS),,
doc-066,2011/0734,,https://developmentandhousing.hackney.gov.uk/planning/index.html?fa=getApplication&id=21998,SD5_COLVILLE ESTATE TRANSPORT ASSESSMENT - PT1,,
doc-067,2011/0734,,https://developmentandhousing.hackney.gov.uk/planning/index.html?fa=getApplication&id=21998,SD5_COLVILLE ESTATE TRANSPORT ASSESSMENT - PT2,,
doc-068,2011/0734,,https://developmentandhousing.hackney.gov.uk/planning/index.html?fa=getApplication&id=21998,SD5_COLVILLE ESTATE TRANSPORT ASSESSMENT - PT3,,
doc-069,2011/0734,,https://developmentandhousing.hackney.gov.uk/planning/index.html?fa=getApplication&id=21998,SD5_COLVILLE ESTATE TRANSPORT ASSESSMENT - PT4,,
doc-070,2011/0734,,https://developmentandhousing.hackney.gov.uk/planning/index.html?fa=getApplication&id=21998,SD7_AIR QUALITY ASSESSMENT,,
doc-071,2011/0734,,https://developmentandhousing.hackney.gov.uk/planning/index.html?fa=getApplication&id=21998,URBAN FOCUS 185-A-P-REP-030-SD2-DC2,,
doc-072,2011/0734,,https://developmentandhousing.hackney.gov.uk/planning/index.html?fa=getApplication&id=21998,WIND ASSESSMENT,,
doc-073,2011/0734,,https://developmentandhousing.hackney.gov.uk/planning/index.html?fa=getApplication&id=21998,SITE LOCATION PLAN,,
doc-074,2011/0734,,https://developmentandhousing.hackney.gov.uk/planning/index.html?fa=getApplication&id=21998,ADDITIONAL INFORMATION (SUBMITTED BY APPLICANT),,
doc-075,2011/0734,,https://developmentandhousing.hackney.gov.uk/planning/index.html?fa=getApplication&id=21998,ADDITIONAL INFORMATION (SUBMITTED BY APPLICANT),,
doc-076,2011/0734,,https://developmentandhousing.hackney.gov.uk/planning/index.html?fa=getApplication&id=21998,ADDITIONAL INFORMATION (SUBMITTED BY APPLICANT),,
doc-077,2011/0734,,https://developmentandhousing.hackney.gov.uk/planning/index.html?fa=getApplication&id=21998,ADDITIONAL INFORMATION (SUBMITTED BY APPLICANT),,
doc-078,2011/0734,,https://developmentandhousing.hackney.gov.uk/planning/index.html?fa=getApplication&id=21998,ADDITIONAL INFORMATION (SUBMITTED BY APPLICANT),,
doc-079,2011/0734,,https://developmentandhousing.hackney.gov.uk/planning/index.html?fa=getApplication&id=21998,ADDITIONAL INFORMATION (SUBMITTED BY APPLICANT),,
doc-080,2011/0734,,https://developmentandhousing.hackney.gov.uk/planning/index.html?fa=getApplication&id=21998,ARCHAEOLOGICAL DESK-BASED ASSESSMENT,,
doc-081,2011/0734,,https://developmentandhousing.hackney.gov.uk/planning/index.html?fa=getApplication&id=21998,ENERGY STRATEGY,,
doc-082,2011/0734,,https://developmentandhousing.hackney.gov.uk/planning/index.html?fa=getApplication&id=21998,EXTENDED PHASE 1 HABITAT SURVEY,,
doc-083,2011/0734,,https://developmentandhousing.hackney.gov.uk/planning/index.html?fa=getApplication&id=21998,DRAWING,,
doc-084,2011/0734,,https://developmentandhousing.hackney.gov.uk/planning/index.html?fa=getApplication&id=21998,DRAWING,,
